"Country","ISO","year","value"
"Afghanistan","AFG",2010,0.333
"Afghanistan","AFG",2011,0.336
"Afghanistan","AFG",2012,0.354
"Afghanistan","AFG",2013,0.353
"Afghanistan","AFG",2014,0.346
"Afghanistan","AFG",2015,0.341
"Afghanistan","AFG",2016,0.338
"Afghanistan","AFG",2017,0.335
"Afghanistan","AFG",2018,0.336
"Afghanistan","AFG",2019,0.339
"Afghanistan","AFG",2020,0.341
"Afghanistan","AFG",2021,0.33
"Afghanistan","AFG",2022,0.324
"Albania","ALB",2010,0.39
"Albania","ALB",2011,0.388
"Albania","ALB",2012,0.383
"Albania","ALB",2013,0.392
"Albania","ALB",2014,0.392
"Albania","ALB",2015,0.381
"Albania","ALB",2016,0.384
"Albania","ALB",2017,0.384
"Albania","ALB",2018,0.384
"Albania","ALB",2019,0.399
"Albania","ALB",2020,0.391
"Albania","ALB",2021,0.402
"Albania","ALB",2022,0.401
"Algeria","DZA",2010,0.558
"Algeria","DZA",2011,0.564
"Algeria","DZA",2012,0.57
"Algeria","DZA",2013,0.569
"Algeria","DZA",2014,0.57
"Algeria","DZA",2015,0.562
"Algeria","DZA",2016,0.552
"Algeria","DZA",2017,0.542
"Algeria","DZA",2018,0.54
"Algeria","DZA",2019,0.539
"Algeria","DZA",2020,0.531
"Algeria","DZA",2021,0.533
"Algeria","DZA",2022,0.532
"Angola","AGO",2010,0.495
"Angola","AGO",2011,0.502
"Angola","AGO",2012,0.508
"Angola","AGO",2013,0.512
"Angola","AGO",2014,0.514
"Angola","AGO",2015,0.494
"Angola","AGO",2016,0.472
"Angola","AGO",2017,0.474
"Angola","AGO",2018,0.462
"Angola","AGO",2019,0.462
"Angola","AGO",2020,0.418
"Angola","AGO",2021,0.423
"Angola","AGO",2022,0.423
"Antigua and Barbuda","ATG",2010,0.285
"Antigua and Barbuda","ATG",2011,0.279
"Antigua and Barbuda","ATG",2012,0.288
"Antigua and Barbuda","ATG",2013,0.284
"Antigua and Barbuda","ATG",2014,0.287
"Antigua and Barbuda","ATG",2015,0.291
"Antigua and Barbuda","ATG",2016,0.305
"Antigua and Barbuda","ATG",2017,0.286
"Antigua and Barbuda","ATG",2018,0.287
"Antigua and Barbuda","ATG",2019,0.288
"Antigua and Barbuda","ATG",2020,0.278
"Antigua and Barbuda","ATG",2021,0.284
"Antigua and Barbuda","ATG",2022,0.286
"Argentina","ARG",2010,0.664
"Argentina","ARG",2011,0.669
"Argentina","ARG",2012,0.67
"Argentina","ARG",2013,0.669
"Argentina","ARG",2014,0.669
"Argentina","ARG",2015,0.675
"Argentina","ARG",2016,0.671
"Argentina","ARG",2017,0.678
"Argentina","ARG",2018,0.662
"Argentina","ARG",2019,0.651
"Argentina","ARG",2020,0.634
"Argentina","ARG",2021,0.641
"Argentina","ARG",2022,0.642
"Armenia","ARM",2010,0.393
"Armenia","ARM",2011,0.393
"Armenia","ARM",2012,0.393
"Armenia","ARM",2013,0.392
"Armenia","ARM",2014,0.395
"Armenia","ARM",2015,0.39
"Armenia","ARM",2016,0.388
"Armenia","ARM",2017,0.392
"Armenia","ARM",2018,0.394
"Armenia","ARM",2019,0.4
"Armenia","ARM",2020,0.398
"Armenia","ARM",2021,0.404
"Armenia","ARM",2022,0.402
"Australia","AUS",2010,0.79
"Australia","AUS",2011,0.796
"Australia","AUS",2012,0.803
"Australia","AUS",2013,0.804
"Australia","AUS",2014,0.8
"Australia","AUS",2015,0.794
"Australia","AUS",2016,0.786
"Australia","AUS",2017,0.785
"Australia","AUS",2018,0.785
"Australia","AUS",2019,0.786
"Australia","AUS",2020,0.784
"Australia","AUS",2021,0.788
"Australia","AUS",2022,0.789
"Austria","AUT",2010,0.717
"Austria","AUT",2011,0.717
"Austria","AUT",2012,0.713
"Austria","AUT",2013,0.712
"Austria","AUT",2014,0.71
"Austria","AUT",2015,0.703
"Austria","AUT",2016,0.703
"Austria","AUT",2017,0.702
"Austria","AUT",2018,0.705
"Austria","AUT",2019,0.705
"Austria","AUT",2020,0.705
"Austria","AUT",2021,0.709
"Austria","AUT",2022,0.709
"Azerbaijan","AZE",2010,0.497
"Azerbaijan","AZE",2011,0.501
"Azerbaijan","AZE",2012,0.507
"Azerbaijan","AZE",2013,0.514
"Azerbaijan","AZE",2014,0.516
"Azerbaijan","AZE",2015,0.503
"Azerbaijan","AZE",2016,0.477
"Azerbaijan","AZE",2017,0.465
"Azerbaijan","AZE",2018,0.464
"Azerbaijan","AZE",2019,0.47
"Azerbaijan","AZE",2020,0.472
"Azerbaijan","AZE",2021,0.479
"Azerbaijan","AZE",2022,0.479
"Bahamas","BHS",2010,0.392
"Bahamas","BHS",2011,0.388
"Bahamas","BHS",2012,0.385
"Bahamas","BHS",2013,0.382
"Bahamas","BHS",2014,0.38
"Bahamas","BHS",2015,0.384
"Bahamas","BHS",2016,0.401
"Bahamas","BHS",2017,0.404
"Bahamas","BHS",2018,0.403
"Bahamas","BHS",2019,0.407
"Bahamas","BHS",2020,0.391
"Bahamas","BHS",2021,0.399
"Bahamas","BHS",2022,0.401
"Bahrain","BHR",2010,0.497
"Bahrain","BHR",2011,0.499
"Bahrain","BHR",2012,0.504
"Bahrain","BHR",2013,0.505
"Bahrain","BHR",2014,0.513
"Bahrain","BHR",2015,0.508
"Bahrain","BHR",2016,0.508
"Bahrain","BHR",2017,0.502
"Bahrain","BHR",2018,0.505
"Bahrain","BHR",2019,0.508
"Bahrain","BHR",2020,0.499
"Bahrain","BHR",2021,0.5
"Bahrain","BHR",2022,0.5
"Bangladesh","BGD",2010,0.443
"Bangladesh","BGD",2011,0.447
"Bangladesh","BGD",2012,0.447
"Bangladesh","BGD",2013,0.455
"Bangladesh","BGD",2014,0.462
"Bangladesh","BGD",2015,0.472
"Bangladesh","BGD",2016,0.48
"Bangladesh","BGD",2017,0.484
"Bangladesh","BGD",2018,0.498
"Bangladesh","BGD",2019,0.508
"Bangladesh","BGD",2020,0.519
"Bangladesh","BGD",2021,0.524
"Bangladesh","BGD",2022,0.526
"Barbados","BRB",2010,0.374
"Barbados","BRB",2011,0.355
"Barbados","BRB",2012,0.349
"Barbados","BRB",2013,0.342
"Barbados","BRB",2014,0.344
"Barbados","BRB",2015,0.338
"Barbados","BRB",2016,0.336
"Barbados","BRB",2017,0.332
"Barbados","BRB",2018,0.334
"Barbados","BRB",2019,0.336
"Barbados","BRB",2020,0.335
"Barbados","BRB",2021,0.337
"Barbados","BRB",2022,0.342
"Belarus","BLR",2010,0.53
"Belarus","BLR",2011,0.529
"Belarus","BLR",2012,0.531
"Belarus","BLR",2013,0.531
"Belarus","BLR",2014,0.532
"Belarus","BLR",2015,0.515
"Belarus","BLR",2016,0.51
"Belarus","BLR",2017,0.507
"Belarus","BLR",2018,0.508
"Belarus","BLR",2019,0.514
"Belarus","BLR",2020,0.506
"Belarus","BLR",2021,0.509
"Belarus","BLR",2022,0.502
"Belgium","BEL",2010,0.728
"Belgium","BEL",2011,0.727
"Belgium","BEL",2012,0.722
"Belgium","BEL",2013,0.721
"Belgium","BEL",2014,0.72
"Belgium","BEL",2015,0.713
"Belgium","BEL",2016,0.711
"Belgium","BEL",2017,0.708
"Belgium","BEL",2018,0.711
"Belgium","BEL",2019,0.714
"Belgium","BEL",2020,0.715
"Belgium","BEL",2021,0.72
"Belgium","BEL",2022,0.719
"Belize","BLZ",2010,0.29
"Belize","BLZ",2011,0.286
"Belize","BLZ",2012,0.288
"Belize","BLZ",2013,0.285
"Belize","BLZ",2014,0.284
"Belize","BLZ",2015,0.287
"Belize","BLZ",2016,0.288
"Belize","BLZ",2017,0.286
"Belize","BLZ",2018,0.284
"Belize","BLZ",2019,0.287
"Belize","BLZ",2020,0.277
"Belize","BLZ",2021,0.283
"Belize","BLZ",2022,0.284
"Benin","BEN",2010,0.307
"Benin","BEN",2011,0.306
"Benin","BEN",2012,0.302
"Benin","BEN",2013,0.302
"Benin","BEN",2014,0.315
"Benin","BEN",2015,0.308
"Benin","BEN",2016,0.303
"Benin","BEN",2017,0.31
"Benin","BEN",2018,0.318
"Benin","BEN",2019,0.322
"Benin","BEN",2020,0.325
"Benin","BEN",2021,0.327
"Benin","BEN",2022,0.329
"Bhutan","BTN",2010,0.261
"Bhutan","BTN",2011,0.264
"Bhutan","BTN",2012,0.265
"Bhutan","BTN",2013,0.261
"Bhutan","BTN",2014,0.263
"Bhutan","BTN",2015,0.267
"Bhutan","BTN",2016,0.273
"Bhutan","BTN",2017,0.272
"Bhutan","BTN",2018,0.272
"Bhutan","BTN",2019,0.277
"Bhutan","BTN",2020,0.278
"Bhutan","BTN",2021,0.276
"Bhutan","BTN",2022,0.276
"Bolivia (Plurinational State of)","BOL",2010,0.412
"Bolivia (Plurinational State of)","BOL",2011,0.421
"Bolivia (Plurinational State of)","BOL",2012,0.426
"Bolivia (Plurinational State of)","BOL",2013,0.431
"Bolivia (Plurinational State of)","BOL",2014,0.44
"Bolivia (Plurinational State of)","BOL",2015,0.444
"Bolivia (Plurinational State of)","BOL",2016,0.444
"Bolivia (Plurinational State of)","BOL",2017,0.442
"Bolivia (Plurinational State of)","BOL",2018,0.437
"Bolivia (Plurinational State of)","BOL",2019,0.44
"Bolivia (Plurinational State of)","BOL",2020,0.435
"Bolivia (Plurinational State of)","BOL",2021,0.439
"Bolivia (Plurinational State of)","BOL",2022,0.44
"Bosnia and Herzegovina","BIH",2010,0.418
"Bosnia and Herzegovina","BIH",2011,0.417
"Bosnia and Herzegovina","BIH",2012,0.42
"Bosnia and Herzegovina","BIH",2013,0.416
"Bosnia and Herzegovina","BIH",2014,0.414
"Bosnia and Herzegovina","BIH",2015,0.409
"Bosnia and Herzegovina","BIH",2016,0.409
"Bosnia and Herzegovina","BIH",2017,0.408
"Bosnia and Herzegovina","BIH",2018,0.415
"Bosnia and Herzegovina","BIH",2019,0.418
"Bosnia and Herzegovina","BIH",2020,0.418
"Bosnia and Herzegovina","BIH",2021,0.424
"Bosnia and Herzegovina","BIH",2022,0.424
"Botswana","BWA",2010,0.429
"Botswana","BWA",2011,0.429
"Botswana","BWA",2012,0.428
"Botswana","BWA",2013,0.426
"Botswana","BWA",2014,0.42
"Botswana","BWA",2015,0.425
"Botswana","BWA",2016,0.429
"Botswana","BWA",2017,0.426
"Botswana","BWA",2018,0.432
"Botswana","BWA",2019,0.434
"Botswana","BWA",2020,0.425
"Botswana","BWA",2021,0.429
"Botswana","BWA",2022,0.43
"Brazil","BRA",2010,0.757
"Brazil","BRA",2011,0.761
"Brazil","BRA",2012,0.758
"Brazil","BRA",2013,0.755
"Brazil","BRA",2014,0.755
"Brazil","BRA",2015,0.738
"Brazil","BRA",2016,0.733
"Brazil","BRA",2017,0.736
"Brazil","BRA",2018,0.731
"Brazil","BRA",2019,0.733
"Brazil","BRA",2020,0.716
"Brazil","BRA",2021,0.715
"Brazil","BRA",2022,0.713
"Brunei Darussalam","BRN",2010,0.441
"Brunei Darussalam","BRN",2011,0.446
"Brunei Darussalam","BRN",2012,0.454
"Brunei Darussalam","BRN",2013,0.452
"Brunei Darussalam","BRN",2014,0.453
"Brunei Darussalam","BRN",2015,0.442
"Brunei Darussalam","BRN",2016,0.432
"Brunei Darussalam","BRN",2017,0.425
"Brunei Darussalam","BRN",2018,0.423
"Brunei Darussalam","BRN",2019,0.43
"Brunei Darussalam","BRN",2020,0.431
"Brunei Darussalam","BRN",2021,0.433
"Brunei Darussalam","BRN",2022,0.435
"Bulgaria","BGR",2010,0.535
"Bulgaria","BGR",2011,0.536
"Bulgaria","BGR",2012,0.532
"Bulgaria","BGR",2013,0.533
"Bulgaria","BGR",2014,0.534
"Bulgaria","BGR",2015,0.526
"Bulgaria","BGR",2016,0.528
"Bulgaria","BGR",2017,0.53
"Bulgaria","BGR",2018,0.537
"Bulgaria","BGR",2019,0.544
"Bulgaria","BGR",2020,0.546
"Bulgaria","BGR",2021,0.553
"Bulgaria","BGR",2022,0.553
"Burkina Faso","BFA",2010,0.325
"Burkina Faso","BFA",2011,0.328
"Burkina Faso","BFA",2012,0.33
"Burkina Faso","BFA",2013,0.329
"Burkina Faso","BFA",2014,0.329
"Burkina Faso","BFA",2015,0.318
"Burkina Faso","BFA",2016,0.317
"Burkina Faso","BFA",2017,0.328
"Burkina Faso","BFA",2018,0.333
"Burkina Faso","BFA",2019,0.332
"Burkina Faso","BFA",2020,0.337
"Burkina Faso","BFA",2021,0.343
"Burkina Faso","BFA",2022,0.344
"Burundi","BDI",2010,0.198
"Burundi","BDI",2011,0.202
"Burundi","BDI",2012,0.196
"Burundi","BDI",2013,0.195
"Burundi","BDI",2014,0.197
"Burundi","BDI",2015,0.201
"Burundi","BDI",2016,0.196
"Burundi","BDI",2017,0.196
"Burundi","BDI",2018,0.194
"Burundi","BDI",2019,0.196
"Burundi","BDI",2020,0.194
"Burundi","BDI",2021,0.198
"Burundi","BDI",2022,0.197
"Cabo Verde","CPV",2010,0.261
"Cabo Verde","CPV",2011,0.264
"Cabo Verde","CPV",2012,0.261
"Cabo Verde","CPV",2013,0.256
"Cabo Verde","CPV",2014,0.255
"Cabo Verde","CPV",2015,0.253
"Cabo Verde","CPV",2016,0.251
"Cabo Verde","CPV",2017,0.25
"Cabo Verde","CPV",2018,0.255
"Cabo Verde","CPV",2019,0.258
"Cabo Verde","CPV",2020,0.25
"Cabo Verde","CPV",2021,0.259
"Cabo Verde","CPV",2022,0.26
"Cambodia","KHM",2010,0.338
"Cambodia","KHM",2011,0.343
"Cambodia","KHM",2012,0.346
"Cambodia","KHM",2013,0.345
"Cambodia","KHM",2014,0.352
"Cambodia","KHM",2015,0.352
"Cambodia","KHM",2016,0.357
"Cambodia","KHM",2017,0.361
"Cambodia","KHM",2018,0.367
"Cambodia","KHM",2019,0.375
"Cambodia","KHM",2020,0.374
"Cambodia","KHM",2021,0.379
"Cambodia","KHM",2022,0.38
"Cameroon","CMR",2010,0.396
"Cameroon","CMR",2011,0.398
"Cameroon","CMR",2012,0.39
"Cameroon","CMR",2013,0.393
"Cameroon","CMR",2014,0.396
"Cameroon","CMR",2015,0.394
"Cameroon","CMR",2016,0.397
"Cameroon","CMR",2017,0.395
"Cameroon","CMR",2018,0.399
"Cameroon","CMR",2019,0.402
"Cameroon","CMR",2020,0.405
"Cameroon","CMR",2021,0.408
"Cameroon","CMR",2022,0.408
"Canada","CAN",2010,0.811
"Canada","CAN",2011,0.814
"Canada","CAN",2012,0.815
"Canada","CAN",2013,0.812
"Canada","CAN",2014,0.808
"Canada","CAN",2015,0.801
"Canada","CAN",2016,0.797
"Canada","CAN",2017,0.796
"Canada","CAN",2018,0.796
"Canada","CAN",2019,0.797
"Canada","CAN",2020,0.795
"Canada","CAN",2021,0.801
"Canada","CAN",2022,0.802
"Central African Republic","CAF",2010,0.2
"Central African Republic","CAF",2011,0.195
"Central African Republic","CAF",2012,0.196
"Central African Republic","CAF",2013,0.157
"Central African Republic","CAF",2014,0.168
"Central African Republic","CAF",2015,0.164
"Central African Republic","CAF",2016,0.168
"Central African Republic","CAF",2017,0.175
"Central African Republic","CAF",2018,0.184
"Central African Republic","CAF",2019,0.187
"Central African Republic","CAF",2020,0.193
"Central African Republic","CAF",2021,0.195
"Central African Republic","CAF",2022,0.195
"Chad","TCD",2010,0.294
"Chad","TCD",2011,0.293
"Chad","TCD",2012,0.297
"Chad","TCD",2013,0.308
"Chad","TCD",2014,0.306
"Chad","TCD",2015,0.284
"Chad","TCD",2016,0.271
"Chad","TCD",2017,0.261
"Chad","TCD",2018,0.258
"Chad","TCD",2019,0.261
"Chad","TCD",2020,0.261
"Chad","TCD",2021,0.265
"Chad","TCD",2022,0.265
"Chile","CHL",2010,0.614
"Chile","CHL",2011,0.622
"Chile","CHL",2012,0.628
"Chile","CHL",2013,0.627
"Chile","CHL",2014,0.621
"Chile","CHL",2015,0.624
"Chile","CHL",2016,0.618
"Chile","CHL",2017,0.623
"Chile","CHL",2018,0.626
"Chile","CHL",2019,0.628
"Chile","CHL",2020,0.618
"Chile","CHL",2021,0.628
"Chile","CHL",2022,0.627
"China","CHN",2010,0.804
"China","CHN",2011,0.816
"China","CHN",2012,0.822
"China","CHN",2013,0.83
"China","CHN",2014,0.836
"China","CHN",2015,0.84
"China","CHN",2016,0.84
"China","CHN",2017,0.843
"China","CHN",2018,0.849
"China","CHN",2019,0.855
"China","CHN",2020,0.856
"China","CHN",2021,0.861
"China","CHN",2022,0.862
"Colombia","COL",2010,0.599
"Colombia","COL",2011,0.605
"Colombia","COL",2012,0.613
"Colombia","COL",2013,0.614
"Colombia","COL",2014,0.615
"Colombia","COL",2015,0.602
"Colombia","COL",2016,0.596
"Colombia","COL",2017,0.595
"Colombia","COL",2018,0.592
"Colombia","COL",2019,0.598
"Colombia","COL",2020,0.594
"Colombia","COL",2021,0.599
"Colombia","COL",2022,0.601
"Comoros","COM",2010,0.161
"Comoros","COM",2011,0.164
"Comoros","COM",2012,0.161
"Comoros","COM",2013,0.159
"Comoros","COM",2014,0.152
"Comoros","COM",2015,0.149
"Comoros","COM",2016,0.15
"Comoros","COM",2017,0.163
"Comoros","COM",2018,0.173
"Comoros","COM",2019,0.177
"Comoros","COM",2020,0.175
"Comoros","COM",2021,0.179
"Comoros","COM",2022,0.179
"Congo","COG",2010,0.348
"Congo","COG",2011,0.357
"Congo","COG",2012,0.367
"Congo","COG",2013,0.363
"Congo","COG",2014,0.366
"Congo","COG",2015,0.357
"Congo","COG",2016,0.336
"Congo","COG",2017,0.318
"Congo","COG",2018,0.329
"Congo","COG",2019,0.335
"Congo","COG",2020,0.339
"Congo","COG",2021,0.336
"Congo","COG",2022,0.335
"Costa Rica","CRI",2010,0.485
"Costa Rica","CRI",2011,0.494
"Costa Rica","CRI",2012,0.502
"Costa Rica","CRI",2013,0.502
"Costa Rica","CRI",2014,0.5
"Costa Rica","CRI",2015,0.497
"Costa Rica","CRI",2016,0.503
"Costa Rica","CRI",2017,0.501
"Costa Rica","CRI",2018,0.499
"Costa Rica","CRI",2019,0.504
"Costa Rica","CRI",2020,0.498
"Costa Rica","CRI",2021,0.498
"Costa Rica","CRI",2022,0.498
"Croatia","HRV",2010,0.564
"Croatia","HRV",2011,0.561
"Croatia","HRV",2012,0.554
"Croatia","HRV",2013,0.549
"Croatia","HRV",2014,0.545
"Croatia","HRV",2015,0.537
"Croatia","HRV",2016,0.535
"Croatia","HRV",2017,0.52
"Croatia","HRV",2018,0.525
"Croatia","HRV",2019,0.528
"Croatia","HRV",2020,0.53
"Croatia","HRV",2021,0.539
"Croatia","HRV",2022,0.538
"Cuba","CUB",2010,0.524
"Cuba","CUB",2011,0.525
"Cuba","CUB",2012,0.526
"Cuba","CUB",2013,0.525
"Cuba","CUB",2014,0.529
"Cuba","CUB",2015,0.527
"Cuba","CUB",2016,0.526
"Cuba","CUB",2017,0.525
"Cuba","CUB",2018,0.528
"Cuba","CUB",2019,0.534
"Cuba","CUB",2020,0.528
"Cuba","CUB",2021,0.526
"Cuba","CUB",2022,0.525
"Cyprus","CYP",2010,0.526
"Cyprus","CYP",2011,0.526
"Cyprus","CYP",2012,0.514
"Cyprus","CYP",2013,0.503
"Cyprus","CYP",2014,0.502
"Cyprus","CYP",2015,0.496
"Cyprus","CYP",2016,0.495
"Cyprus","CYP",2017,0.494
"Cyprus","CYP",2018,0.499
"Cyprus","CYP",2019,0.504
"Cyprus","CYP",2020,0.504
"Cyprus","CYP",2021,0.509
"Cyprus","CYP",2022,0.509
"Czech Republic","CZE",2010,0.652
"Czech Republic","CZE",2011,0.651
"Czech Republic","CZE",2012,0.643
"Czech Republic","CZE",2013,0.642
"Czech Republic","CZE",2014,0.639
"Czech Republic","CZE",2015,0.634
"Czech Republic","CZE",2016,0.633
"Czech Republic","CZE",2017,0.636
"Czech Republic","CZE",2018,0.642
"Czech Republic","CZE",2019,0.647
"Czech Republic","CZE",2020,0.65
"Czech Republic","CZE",2021,0.654
"Czech Republic","CZE",2022,0.654
"Côte d'Ivoire","CIV",2010,0.395
"Côte d'Ivoire","CIV",2011,0.386
"Côte d'Ivoire","CIV",2012,0.387
"Côte d'Ivoire","CIV",2013,0.394
"Côte d'Ivoire","CIV",2014,0.406
"Côte d'Ivoire","CIV",2015,0.407
"Côte d'Ivoire","CIV",2016,0.409
"Côte d'Ivoire","CIV",2017,0.417
"Côte d'Ivoire","CIV",2018,0.427
"Côte d'Ivoire","CIV",2019,0.43
"Côte d'Ivoire","CIV",2020,0.431
"Côte d'Ivoire","CIV",2021,0.436
"Côte d'Ivoire","CIV",2022,0.437
"Democratic Republic of the Congo","COD",2010,0.302
"Democratic Republic of the Congo","COD",2011,0.308
"Democratic Republic of the Congo","COD",2012,0.317
"Democratic Republic of the Congo","COD",2013,0.34
"Democratic Republic of the Congo","COD",2014,0.348
"Democratic Republic of the Congo","COD",2015,0.355
"Democratic Republic of the Congo","COD",2016,0.345
"Democratic Republic of the Congo","COD",2017,0.341
"Democratic Republic of the Congo","COD",2018,0.357
"Democratic Republic of the Congo","COD",2019,0.363
"Democratic Republic of the Congo","COD",2020,0.371
"Democratic Republic of the Congo","COD",2021,0.383
"Democratic Republic of the Congo","COD",2022,0.385
"Denmark","DNK",2010,0.716
"Denmark","DNK",2011,0.715
"Denmark","DNK",2012,0.709
"Denmark","DNK",2013,0.708
"Denmark","DNK",2014,0.705
"Denmark","DNK",2015,0.697
"Denmark","DNK",2016,0.696
"Denmark","DNK",2017,0.695
"Denmark","DNK",2018,0.696
"Denmark","DNK",2019,0.697
"Denmark","DNK",2020,0.7
"Denmark","DNK",2021,0.703
"Denmark","DNK",2022,0.703
"Djibouti","DJI",2010,0.24
"Djibouti","DJI",2011,0.241
"Djibouti","DJI",2012,0.246
"Djibouti","DJI",2013,0.245
"Djibouti","DJI",2014,0.245
"Djibouti","DJI",2015,0.248
"Djibouti","DJI",2016,0.255
"Djibouti","DJI",2017,0.271
"Djibouti","DJI",2018,0.272
"Djibouti","DJI",2019,0.277
"Djibouti","DJI",2020,0.278
"Djibouti","DJI",2021,0.28
"Djibouti","DJI",2022,0.28
"Dominica","DMA",2010,0.22
"Dominica","DMA",2011,0.218
"Dominica","DMA",2012,0.215
"Dominica","DMA",2013,0.211
"Dominica","DMA",2014,0.214
"Dominica","DMA",2015,0.218
"Dominica","DMA",2016,0.224
"Dominica","DMA",2017,0.215
"Dominica","DMA",2018,0.212
"Dominica","DMA",2019,0.218
"Dominica","DMA",2020,0.206
"Dominica","DMA",2021,0.211
"Dominica","DMA",2022,0.213
"Dominican Republic","DOM",2010,0.466
"Dominican Republic","DOM",2011,0.465
"Dominican Republic","DOM",2012,0.472
"Dominican Republic","DOM",2013,0.471
"Dominican Republic","DOM",2014,0.478
"Dominican Republic","DOM",2015,0.479
"Dominican Republic","DOM",2016,0.486
"Dominican Republic","DOM",2017,0.489
"Dominican Republic","DOM",2018,0.494
"Dominican Republic","DOM",2019,0.499
"Dominican Republic","DOM",2020,0.488
"Dominican Republic","DOM",2021,0.496
"Dominican Republic","DOM",2022,0.497
"Ecuador","ECU",2010,0.505
"Ecuador","ECU",2011,0.512
"Ecuador","ECU",2012,0.519
"Ecuador","ECU",2013,0.525
"Ecuador","ECU",2014,0.53
"Ecuador","ECU",2015,0.525
"Ecuador","ECU",2016,0.525
"Ecuador","ECU",2017,0.524
"Ecuador","ECU",2018,0.522
"Ecuador","ECU",2019,0.523
"Ecuador","ECU",2020,0.522
"Ecuador","ECU",2021,0.525
"Ecuador","ECU",2022,0.524
"Egypt","EGY",2010,0.574
"Egypt","EGY",2011,0.575
"Egypt","EGY",2012,0.573
"Egypt","EGY",2013,0.573
"Egypt","EGY",2014,0.572
"Egypt","EGY",2015,0.579
"Egypt","EGY",2016,0.579
"Egypt","EGY",2017,0.563
"Egypt","EGY",2018,0.557
"Egypt","EGY",2019,0.564
"Egypt","EGY",2020,0.575
"Egypt","EGY",2021,0.583
"Egypt","EGY",2022,0.585
"Equatorial Guinea","GNQ",2010,0.348
"Equatorial Guinea","GNQ",2011,0.353
"Equatorial Guinea","GNQ",2012,0.358
"Equatorial Guinea","GNQ",2013,0.358
"Equatorial Guinea","GNQ",2014,0.354
"Equatorial Guinea","GNQ",2015,0.34
"Equatorial Guinea","GNQ",2016,0.354
"Equatorial Guinea","GNQ",2017,0.349
"Equatorial Guinea","GNQ",2018,0.348
"Equatorial Guinea","GNQ",2019,0.327
"Equatorial Guinea","GNQ",2020,0.34
"Equatorial Guinea","GNQ",2021,0.344
"Equatorial Guinea","GNQ",2022,0.346
"Eritrea","ERI",2010,0.212
"Eritrea","ERI",2011,0.224
"Eritrea","ERI",2012,0.218
"Eritrea","ERI",2013,0.215
"Eritrea","ERI",2014,0.224
"Eritrea","ERI",2015,0.225
"Eritrea","ERI",2016,0.229
"Eritrea","ERI",2017,0.232
"Eritrea","ERI",2018,0.233
"Eritrea","ERI",2019,0.237
"Eritrea","ERI",2020,0.241
"Eritrea","ERI",2021,0.241
"Eritrea","ERI",2022,0.241
"Estonia","EST",2010,0.512
"Estonia","EST",2011,0.506
"Estonia","EST",2012,0.506
"Estonia","EST",2013,0.507
"Estonia","EST",2014,0.512
"Estonia","EST",2015,0.505
"Estonia","EST",2016,0.503
"Estonia","EST",2017,0.505
"Estonia","EST",2018,0.514
"Estonia","EST",2019,0.521
"Estonia","EST",2020,0.523
"Estonia","EST",2021,0.531
"Estonia","EST",2022,0.529
"Eswatini","SWZ",2010,0.322
"Eswatini","SWZ",2011,0.32
"Eswatini","SWZ",2012,0.317
"Eswatini","SWZ",2013,0.311
"Eswatini","SWZ",2014,0.318
"Eswatini","SWZ",2015,0.31
"Eswatini","SWZ",2016,0.303
"Eswatini","SWZ",2017,0.302
"Eswatini","SWZ",2018,0.304
"Eswatini","SWZ",2019,0.304
"Eswatini","SWZ",2020,0.298
"Eswatini","SWZ",2021,0.303
"Eswatini","SWZ",2022,0.302
"Ethiopia","ETH",2010,0.379
"Ethiopia","ETH",2011,0.379
"Ethiopia","ETH",2012,0.382
"Ethiopia","ETH",2013,0.393
"Ethiopia","ETH",2014,0.406
"Ethiopia","ETH",2015,0.417
"Ethiopia","ETH",2016,0.427
"Ethiopia","ETH",2017,0.431
"Ethiopia","ETH",2018,0.431
"Ethiopia","ETH",2019,0.439
"Ethiopia","ETH",2020,0.446
"Ethiopia","ETH",2021,0.449
"Ethiopia","ETH",2022,0.449
"Fiji","FJI",2010,0.321
"Fiji","FJI",2011,0.321
"Fiji","FJI",2012,0.321
"Fiji","FJI",2013,0.32
"Fiji","FJI",2014,0.327
"Fiji","FJI",2015,0.325
"Fiji","FJI",2016,0.325
"Fiji","FJI",2017,0.33
"Fiji","FJI",2018,0.336
"Fiji","FJI",2019,0.336
"Fiji","FJI",2020,0.32
"Fiji","FJI",2021,0.319
"Fiji","FJI",2022,0.322
"Finland","FIN",2010,0.691
"Finland","FIN",2011,0.691
"Finland","FIN",2012,0.684
"Finland","FIN",2013,0.683
"Finland","FIN",2014,0.68
"Finland","FIN",2015,0.671
"Finland","FIN",2016,0.67
"Finland","FIN",2017,0.669
"Finland","FIN",2018,0.67
"Finland","FIN",2019,0.672
"Finland","FIN",2020,0.671
"Finland","FIN",2021,0.675
"Finland","FIN",2022,0.674
"France","FRA",2010,0.836
"France","FRA",2011,0.835
"France","FRA",2012,0.829
"France","FRA",2013,0.829
"France","FRA",2014,0.826
"France","FRA",2015,0.819
"France","FRA",2016,0.816
"France","FRA",2017,0.814
"France","FRA",2018,0.816
"France","FRA",2019,0.816
"France","FRA",2020,0.815
"France","FRA",2021,0.819
"France","FRA",2022,0.819
"Gabon","GAB",2010,0.398
"Gabon","GAB",2011,0.416
"Gabon","GAB",2012,0.424
"Gabon","GAB",2013,0.424
"Gabon","GAB",2014,0.415
"Gabon","GAB",2015,0.402
"Gabon","GAB",2016,0.393
"Gabon","GAB",2017,0.386
"Gabon","GAB",2018,0.375
"Gabon","GAB",2019,0.38
"Gabon","GAB",2020,0.384
"Gabon","GAB",2021,0.387
"Gabon","GAB",2022,0.387
"Gambia","GMB",2010,0.411
"Gambia","GMB",2010,0.201
"Gambia","GMB",2011,0.407
"Gambia","GMB",2011,0.193
"Gambia","GMB",2012,0.409
"Gambia","GMB",2012,0.182
"Gambia","GMB",2013,0.407
"Gambia","GMB",2013,0.174
"Gambia","GMB",2014,0.411
"Gambia","GMB",2014,0.171
"Gambia","GMB",2015,0.415
"Gambia","GMB",2015,0.169
"Gambia","GMB",2016,0.418
"Gambia","GMB",2016,0.166
"Gambia","GMB",2017,0.411
"Gambia","GMB",2017,0.176
"Gambia","GMB",2018,0.41
"Gambia","GMB",2018,0.188
"Gambia","GMB",2019,0.416
"Gambia","GMB",2019,0.199
"Gambia","GMB",2020,0.409
"Gambia","GMB",2020,0.2
"Gambia","GMB",2021,0.419
"Gambia","GMB",2021,0.21
"Gambia","GMB",2022,0.419
"Gambia","GMB",2022,0.211
"Georgia","GEO",2010,0.405
"Georgia","GEO",2011,0.41
"Georgia","GEO",2012,0.414
"Georgia","GEO",2013,0.41
"Georgia","GEO",2014,0.42
"Georgia","GEO",2015,0.412
"Georgia","GEO",2016,0.411
"Georgia","GEO",2017,0.411
"Georgia","GEO",2018,0.411
"Georgia","GEO",2019,0.416
"Georgia","GEO",2020,0.404
"Georgia","GEO",2021,0.411
"Georgia","GEO",2022,0.411
"Germany","DEU",2010,0.847
"Germany","DEU",2011,0.848
"Germany","DEU",2012,0.844
"Germany","DEU",2013,0.844
"Germany","DEU",2014,0.843
"Germany","DEU",2015,0.837
"Germany","DEU",2016,0.835
"Germany","DEU",2017,0.834
"Germany","DEU",2018,0.837
"Germany","DEU",2019,0.838
"Germany","DEU",2020,0.838
"Germany","DEU",2021,0.84
"Germany","DEU",2022,0.84
"Ghana","GHA",2010,0.417
"Ghana","GHA",2011,0.433
"Ghana","GHA",2012,0.439
"Ghana","GHA",2013,0.443
"Ghana","GHA",2014,0.432
"Ghana","GHA",2015,0.427
"Ghana","GHA",2016,0.418
"Ghana","GHA",2017,0.43
"Ghana","GHA",2018,0.427
"Ghana","GHA",2019,0.434
"Ghana","GHA",2020,0.431
"Ghana","GHA",2021,0.44
"Ghana","GHA",2022,0.441
"Greece","GRC",2010,0.678
"Greece","GRC",2011,0.671
"Greece","GRC",2012,0.662
"Greece","GRC",2013,0.654
"Greece","GRC",2014,0.65
"Greece","GRC",2015,0.64
"Greece","GRC",2016,0.636
"Greece","GRC",2017,0.634
"Greece","GRC",2018,0.635
"Greece","GRC",2019,0.636
"Greece","GRC",2020,0.631
"Greece","GRC",2021,0.638
"Greece","GRC",2022,0.639
"Grenada","GRD",2010,0.247
"Grenada","GRD",2011,0.25
"Grenada","GRD",2012,0.249
"Grenada","GRD",2013,0.246
"Grenada","GRD",2014,0.246
"Grenada","GRD",2015,0.244
"Grenada","GRD",2016,0.256
"Grenada","GRD",2017,0.257
"Grenada","GRD",2018,0.249
"Grenada","GRD",2019,0.255
"Grenada","GRD",2020,0.247
"Grenada","GRD",2021,0.252
"Grenada","GRD",2022,0.252
"Guatemala","GTM",2010,0.441
"Guatemala","GTM",2011,0.444
"Guatemala","GTM",2012,0.447
"Guatemala","GTM",2013,0.447
"Guatemala","GTM",2014,0.449
"Guatemala","GTM",2015,0.452
"Guatemala","GTM",2016,0.459
"Guatemala","GTM",2017,0.46
"Guatemala","GTM",2018,0.461
"Guatemala","GTM",2019,0.467
"Guatemala","GTM",2020,0.466
"Guatemala","GTM",2021,0.472
"Guatemala","GTM",2022,0.473
"Guinea","GIN",2010,0.24
"Guinea","GIN",2011,0.238
"Guinea","GIN",2012,0.238
"Guinea","GIN",2013,0.236
"Guinea","GIN",2014,0.243
"Guinea","GIN",2015,0.257
"Guinea","GIN",2016,0.293
"Guinea","GIN",2017,0.297
"Guinea","GIN",2018,0.298
"Guinea","GIN",2019,0.31
"Guinea","GIN",2020,0.306
"Guinea","GIN",2021,0.31
"Guinea","GIN",2022,0.311
"Guinea-Bissau","GNB",2010,0.173
"Guinea-Bissau","GNB",2011,0.173
"Guinea-Bissau","GNB",2012,0.157
"Guinea-Bissau","GNB",2013,0.16
"Guinea-Bissau","GNB",2014,0.16
"Guinea-Bissau","GNB",2015,0.163
"Guinea-Bissau","GNB",2016,0.166
"Guinea-Bissau","GNB",2017,0.171
"Guinea-Bissau","GNB",2018,0.175
"Guinea-Bissau","GNB",2019,0.185
"Guinea-Bissau","GNB",2020,0.185
"Guinea-Bissau","GNB",2021,0.189
"Guinea-Bissau","GNB",2022,0.189
"Guyana","GUY",2010,0.293
"Guyana","GUY",2011,0.295
"Guyana","GUY",2012,0.298
"Guyana","GUY",2013,0.296
"Guyana","GUY",2014,0.299
"Guyana","GUY",2015,0.308
"Guyana","GUY",2016,0.312
"Guyana","GUY",2017,0.315
"Guyana","GUY",2018,0.31
"Guyana","GUY",2019,0.316
"Guyana","GUY",2020,0.343
"Guyana","GUY",2021,0.352
"Guyana","GUY",2022,0.375
"Haiti","HTI",2010,0.277
"Haiti","HTI",2011,0.28
"Haiti","HTI",2012,0.283
"Haiti","HTI",2013,0.284
"Haiti","HTI",2014,0.29
"Haiti","HTI",2015,0.291
"Haiti","HTI",2016,0.288
"Haiti","HTI",2017,0.285
"Haiti","HTI",2018,0.286
"Haiti","HTI",2019,0.279
"Haiti","HTI",2020,0.29
"Haiti","HTI",2021,0.303
"Haiti","HTI",2022,0.301
"Honduras","HND",2010,0.385
"Honduras","HND",2011,0.384
"Honduras","HND",2012,0.386
"Honduras","HND",2013,0.383
"Honduras","HND",2014,0.383
"Honduras","HND",2015,0.386
"Honduras","HND",2016,0.386
"Honduras","HND",2017,0.389
"Honduras","HND",2018,0.387
"Honduras","HND",2019,0.394
"Honduras","HND",2020,0.388
"Honduras","HND",2021,0.398
"Honduras","HND",2022,0.399
"Hungary","HUN",2010,0.618
"Hungary","HUN",2011,0.616
"Hungary","HUN",2012,0.606
"Hungary","HUN",2013,0.606
"Hungary","HUN",2014,0.606
"Hungary","HUN",2015,0.599
"Hungary","HUN",2016,0.597
"Hungary","HUN",2017,0.6
"Hungary","HUN",2018,0.606
"Hungary","HUN",2019,0.611
"Hungary","HUN",2020,0.613
"Hungary","HUN",2021,0.619
"Hungary","HUN",2022,0.62
"Iceland","ISL",2010,0.514
"Iceland","ISL",2011,0.515
"Iceland","ISL",2012,0.513
"Iceland","ISL",2013,0.516
"Iceland","ISL",2014,0.521
"Iceland","ISL",2015,0.519
"Iceland","ISL",2016,0.53
"Iceland","ISL",2017,0.538
"Iceland","ISL",2018,0.54
"Iceland","ISL",2019,0.542
"Iceland","ISL",2020,0.535
"Iceland","ISL",2021,0.54
"Iceland","ISL",2022,0.54
"India","IND",2010,0.683
"India","IND",2011,0.688
"India","IND",2012,0.69
"India","IND",2013,0.686
"India","IND",2014,0.685
"India","IND",2015,0.685
"India","IND",2016,0.689
"India","IND",2017,0.695
"India","IND",2018,0.698
"India","IND",2019,0.704
"India","IND",2020,0.701
"India","IND",2021,0.71
"India","IND",2022,0.713
"Indonesia","IDN",2010,0.61
"Indonesia","IDN",2011,0.626
"Indonesia","IDN",2012,0.632
"Indonesia","IDN",2013,0.631
"Indonesia","IDN",2014,0.629
"Indonesia","IDN",2015,0.63
"Indonesia","IDN",2016,0.635
"Indonesia","IDN",2017,0.637
"Indonesia","IDN",2018,0.633
"Indonesia","IDN",2019,0.643
"Indonesia","IDN",2020,0.637
"Indonesia","IDN",2021,0.641
"Indonesia","IDN",2022,0.642
"Iran (Islamic Republic of)","IRN",2010,0.648
"Iran (Islamic Republic of)","IRN",2011,0.662
"Iran (Islamic Republic of)","IRN",2012,0.659
"Iran (Islamic Republic of)","IRN",2013,0.647
"Iran (Islamic Republic of)","IRN",2014,0.646
"Iran (Islamic Republic of)","IRN",2015,0.639
"Iran (Islamic Republic of)","IRN",2016,0.644
"Iran (Islamic Republic of)","IRN",2017,0.646
"Iran (Islamic Republic of)","IRN",2018,0.628
"Iran (Islamic Republic of)","IRN",2019,0.607
"Iran (Islamic Republic of)","IRN",2020,0.59
"Iran (Islamic Republic of)","IRN",2021,0.591
"Iran (Islamic Republic of)","IRN",2022,0.593
"Iraq","IRQ",2010,0.526
"Iraq","IRQ",2011,0.532
"Iraq","IRQ",2012,0.547
"Iraq","IRQ",2013,0.554
"Iraq","IRQ",2014,0.547
"Iraq","IRQ",2015,0.539
"Iraq","IRQ",2016,0.534
"Iraq","IRQ",2017,0.531
"Iraq","IRQ",2018,0.536
"Iraq","IRQ",2019,0.549
"Iraq","IRQ",2020,0.539
"Iraq","IRQ",2021,0.539
"Iraq","IRQ",2022,0.543
"Ireland","IRL",2010,0.666
"Ireland","IRL",2011,0.66
"Ireland","IRL",2012,0.654
"Ireland","IRL",2013,0.655
"Ireland","IRL",2014,0.659
"Ireland","IRL",2015,0.653
"Ireland","IRL",2016,0.664
"Ireland","IRL",2017,0.665
"Ireland","IRL",2018,0.669
"Ireland","IRL",2019,0.673
"Ireland","IRL",2020,0.677
"Ireland","IRL",2021,0.685
"Ireland","IRL",2022,0.687
"Israel","ISR",2010,0.686
"Israel","ISR",2011,0.688
"Israel","ISR",2012,0.688
"Israel","ISR",2013,0.69
"Israel","ISR",2014,0.692
"Israel","ISR",2015,0.689
"Israel","ISR",2016,0.691
"Israel","ISR",2017,0.695
"Israel","ISR",2018,0.697
"Israel","ISR",2019,0.701
"Israel","ISR",2020,0.703
"Israel","ISR",2021,0.712
"Israel","ISR",2022,0.713
"Italy","ITA",2010,0.807
"Italy","ITA",2011,0.805
"Italy","ITA",2012,0.797
"Italy","ITA",2013,0.796
"Italy","ITA",2014,0.792
"Italy","ITA",2015,0.784
"Italy","ITA",2016,0.783
"Italy","ITA",2017,0.781
"Italy","ITA",2018,0.783
"Italy","ITA",2019,0.783
"Italy","ITA",2020,0.781
"Italy","ITA",2021,0.785
"Italy","ITA",2022,0.784
"Jamaica","JAM",2010,0.403
"Jamaica","JAM",2011,0.409
"Jamaica","JAM",2012,0.409
"Jamaica","JAM",2013,0.401
"Jamaica","JAM",2014,0.393
"Jamaica","JAM",2015,0.39
"Jamaica","JAM",2016,0.391
"Jamaica","JAM",2017,0.387
"Jamaica","JAM",2018,0.388
"Jamaica","JAM",2019,0.393
"Jamaica","JAM",2020,0.389
"Jamaica","JAM",2021,0.388
"Jamaica","JAM",2022,0.388
"Japan","JPN",2010,0.861
"Japan","JPN",2011,0.864
"Japan","JPN",2012,0.863
"Japan","JPN",2013,0.853
"Japan","JPN",2014,0.846
"Japan","JPN",2015,0.839
"Japan","JPN",2016,0.841
"Japan","JPN",2017,0.838
"Japan","JPN",2018,0.839
"Japan","JPN",2019,0.84
"Japan","JPN",2020,0.838
"Japan","JPN",2021,0.835
"Japan","JPN",2022,0.835
"Jordan","JOR",2010,0.475
"Jordan","JOR",2011,0.477
"Jordan","JOR",2012,0.476
"Jordan","JOR",2013,0.473
"Jordan","JOR",2014,0.47
"Jordan","JOR",2015,0.473
"Jordan","JOR",2016,0.467
"Jordan","JOR",2017,0.467
"Jordan","JOR",2018,0.467
"Jordan","JOR",2019,0.469
"Jordan","JOR",2020,0.469
"Jordan","JOR",2021,0.472
"Jordan","JOR",2022,0.472
"Kazakhstan","KAZ",2010,0.579
"Kazakhstan","KAZ",2011,0.588
"Kazakhstan","KAZ",2012,0.6
"Kazakhstan","KAZ",2013,0.605
"Kazakhstan","KAZ",2014,0.606
"Kazakhstan","KAZ",2015,0.6
"Kazakhstan","KAZ",2016,0.583
"Kazakhstan","KAZ",2017,0.58
"Kazakhstan","KAZ",2018,0.571
"Kazakhstan","KAZ",2019,0.578
"Kazakhstan","KAZ",2020,0.581
"Kazakhstan","KAZ",2021,0.58
"Kazakhstan","KAZ",2022,0.587
"Kenya","KEN",2010,0.415
"Kenya","KEN",2011,0.412
"Kenya","KEN",2012,0.416
"Kenya","KEN",2013,0.427
"Kenya","KEN",2014,0.433
"Kenya","KEN",2015,0.434
"Kenya","KEN",2016,0.437
"Kenya","KEN",2017,0.439
"Kenya","KEN",2018,0.444
"Kenya","KEN",2019,0.45
"Kenya","KEN",2020,0.454
"Kenya","KEN",2021,0.46
"Kenya","KEN",2022,0.461
"Kiribati","KIR",2010,0.146
"Kiribati","KIR",2011,0.146
"Kiribati","KIR",2012,0.151
"Kiribati","KIR",2013,0.148
"Kiribati","KIR",2014,0.151
"Kiribati","KIR",2015,0.148
"Kiribati","KIR",2016,0.145
"Kiribati","KIR",2017,0.142
"Kiribati","KIR",2018,0.142
"Kiribati","KIR",2019,0.151
"Kiribati","KIR",2020,0.146
"Kiribati","KIR",2021,0.147
"Kiribati","KIR",2022,0.145
"Kuwait","KWT",2010,0.63
"Kuwait","KWT",2011,0.633
"Kuwait","KWT",2012,0.639
"Kuwait","KWT",2013,0.641
"Kuwait","KWT",2014,0.637
"Kuwait","KWT",2015,0.618
"Kuwait","KWT",2016,0.612
"Kuwait","KWT",2017,0.612
"Kuwait","KWT",2018,0.615
"Kuwait","KWT",2019,0.622
"Kuwait","KWT",2020,0.61
"Kuwait","KWT",2021,0.61
"Kuwait","KWT",2022,0.616
"Kyrgyzstan","KGZ",2010,0.328
"Kyrgyzstan","KGZ",2011,0.338
"Kyrgyzstan","KGZ",2012,0.344
"Kyrgyzstan","KGZ",2013,0.347
"Kyrgyzstan","KGZ",2014,0.343
"Kyrgyzstan","KGZ",2015,0.333
"Kyrgyzstan","KGZ",2016,0.332
"Kyrgyzstan","KGZ",2017,0.331
"Kyrgyzstan","KGZ",2018,0.333
"Kyrgyzstan","KGZ",2019,0.336
"Kyrgyzstan","KGZ",2020,0.333
"Kyrgyzstan","KGZ",2021,0.336
"Kyrgyzstan","KGZ",2022,0.334
"Lao People's Democratic Republic","LAO",2010,0.296
"Lao People's Democratic Republic","LAO",2011,0.3
"Lao People's Democratic Republic","LAO",2012,0.313
"Lao People's Democratic Republic","LAO",2013,0.321
"Lao People's Democratic Republic","LAO",2014,0.326
"Lao People's Democratic Republic","LAO",2015,0.342
"Lao People's Democratic Republic","LAO",2016,0.358
"Lao People's Democratic Republic","LAO",2017,0.357
"Lao People's Democratic Republic","LAO",2018,0.359
"Lao People's Democratic Republic","LAO",2019,0.366
"Lao People's Democratic Republic","LAO",2020,0.366
"Lao People's Democratic Republic","LAO",2021,0.365
"Lao People's Democratic Republic","LAO",2022,0.365
"Latvia","LVA",2010,0.511
"Latvia","LVA",2011,0.514
"Latvia","LVA",2012,0.515
"Latvia","LVA",2013,0.518
"Latvia","LVA",2014,0.513
"Latvia","LVA",2015,0.505
"Latvia","LVA",2016,0.503
"Latvia","LVA",2017,0.505
"Latvia","LVA",2018,0.511
"Latvia","LVA",2019,0.514
"Latvia","LVA",2020,0.516
"Latvia","LVA",2021,0.521
"Latvia","LVA",2022,0.52
"Lebanon","LBN",2010,0.5
"Lebanon","LBN",2011,0.499
"Lebanon","LBN",2012,0.498
"Lebanon","LBN",2013,0.502
"Lebanon","LBN",2014,0.497
"Lebanon","LBN",2015,0.499
"Lebanon","LBN",2016,0.5
"Lebanon","LBN",2017,0.498
"Lebanon","LBN",2018,0.496
"Lebanon","LBN",2019,0.493
"Lebanon","LBN",2020,0.449
"Lebanon","LBN",2021,0.428
"Lebanon","LBN",2022,0.421
"Lesotho","LSO",2010,0.271
"Lesotho","LSO",2011,0.272
"Lesotho","LSO",2012,0.275
"Lesotho","LSO",2013,0.271
"Lesotho","LSO",2014,0.264
"Lesotho","LSO",2015,0.263
"Lesotho","LSO",2016,0.258
"Lesotho","LSO",2017,0.25
"Lesotho","LSO",2018,0.248
"Lesotho","LSO",2019,0.255
"Lesotho","LSO",2020,0.247
"Lesotho","LSO",2021,0.25
"Lesotho","LSO",2022,0.25
"Liberia","LBR",2010,0.159
"Liberia","LBR",2011,0.185
"Liberia","LBR",2012,0.197
"Liberia","LBR",2013,0.2
"Liberia","LBR",2014,0.196
"Liberia","LBR",2015,0.197
"Liberia","LBR",2016,0.199
"Liberia","LBR",2017,0.216
"Liberia","LBR",2018,0.223
"Liberia","LBR",2019,0.222
"Liberia","LBR",2020,0.227
"Liberia","LBR",2021,0.231
"Liberia","LBR",2022,0.232
"Libya","LBY",2010,0.542
"Libya","LBY",2011,0.485
"Libya","LBY",2012,0.531
"Libya","LBY",2013,0.521
"Libya","LBY",2014,0.492
"Libya","LBY",2015,0.48
"Libya","LBY",2016,0.47
"Libya","LBY",2017,0.477
"Libya","LBY",2018,0.496
"Libya","LBY",2019,0.502
"Libya","LBY",2020,0.507
"Libya","LBY",2021,0.485
"Libya","LBY",2022,0.485
"Lithuania","LTU",2010,0.534
"Lithuania","LTU",2011,0.538
"Lithuania","LTU",2012,0.536
"Lithuania","LTU",2013,0.535
"Lithuania","LTU",2014,0.538
"Lithuania","LTU",2015,0.526
"Lithuania","LTU",2016,0.525
"Lithuania","LTU",2017,0.528
"Lithuania","LTU",2018,0.534
"Lithuania","LTU",2019,0.539
"Lithuania","LTU",2020,0.543
"Lithuania","LTU",2021,0.549
"Lithuania","LTU",2022,0.549
"Luxembourg","LUX",2010,0.59
"Luxembourg","LUX",2011,0.59
"Luxembourg","LUX",2012,0.582
"Luxembourg","LUX",2013,0.578
"Luxembourg","LUX",2014,0.584
"Luxembourg","LUX",2015,0.579
"Luxembourg","LUX",2016,0.577
"Luxembourg","LUX",2017,0.575
"Luxembourg","LUX",2018,0.575
"Luxembourg","LUX",2019,0.579
"Luxembourg","LUX",2020,0.587
"Luxembourg","LUX",2021,0.592
"Luxembourg","LUX",2022,0.591
"Madagascar","MDG",2010,0.311
"Madagascar","MDG",2011,0.312
"Madagascar","MDG",2012,0.308
"Madagascar","MDG",2013,0.301
"Madagascar","MDG",2014,0.304
"Madagascar","MDG",2015,0.298
"Madagascar","MDG",2016,0.294
"Madagascar","MDG",2017,0.3
"Madagascar","MDG",2018,0.308
"Madagascar","MDG",2019,0.312
"Madagascar","MDG",2020,0.304
"Madagascar","MDG",2021,0.311
"Madagascar","MDG",2022,0.311
"Malawi","MWI",2010,0.265
"Malawi","MWI",2011,0.266
"Malawi","MWI",2012,0.254
"Malawi","MWI",2013,0.245
"Malawi","MWI",2014,0.253
"Malawi","MWI",2015,0.246
"Malawi","MWI",2016,0.238
"Malawi","MWI",2017,0.245
"Malawi","MWI",2018,0.255
"Malawi","MWI",2019,0.264
"Malawi","MWI",2020,0.285
"Malawi","MWI",2021,0.288
"Malawi","MWI",2022,0.287
"Malaysia","MYS",2010,0.643
"Malaysia","MYS",2011,0.651
"Malaysia","MYS",2012,0.656
"Malaysia","MYS",2013,0.655
"Malaysia","MYS",2014,0.657
"Malaysia","MYS",2015,0.649
"Malaysia","MYS",2016,0.643
"Malaysia","MYS",2017,0.643
"Malaysia","MYS",2018,0.645
"Malaysia","MYS",2019,0.65
"Malaysia","MYS",2020,0.644
"Malaysia","MYS",2021,0.647
"Malaysia","MYS",2022,0.648
"Maldives","MDV",2010,0.274
"Maldives","MDV",2011,0.28
"Maldives","MDV",2012,0.274
"Maldives","MDV",2013,0.267
"Maldives","MDV",2014,0.302
"Maldives","MDV",2015,0.307
"Maldives","MDV",2016,0.322
"Maldives","MDV",2017,0.334
"Maldives","MDV",2018,0.33
"Maldives","MDV",2019,0.337
"Maldives","MDV",2020,0.314
"Maldives","MDV",2021,0.325
"Maldives","MDV",2022,0.326
"Mali","MLI",2010,0.32
"Mali","MLI",2011,0.317
"Mali","MLI",2012,0.325
"Mali","MLI",2013,0.322
"Mali","MLI",2014,0.328
"Mali","MLI",2015,0.326
"Mali","MLI",2016,0.328
"Mali","MLI",2017,0.33
"Mali","MLI",2018,0.331
"Mali","MLI",2019,0.335
"Mali","MLI",2020,0.338
"Mali","MLI",2021,0.342
"Mali","MLI",2022,0.341
"Malta","MLT",2010,0.441
"Malta","MLT",2011,0.442
"Malta","MLT",2012,0.438
"Malta","MLT",2013,0.436
"Malta","MLT",2014,0.438
"Malta","MLT",2015,0.443
"Malta","MLT",2016,0.446
"Malta","MLT",2017,0.448
"Malta","MLT",2018,0.454
"Malta","MLT",2019,0.461
"Malta","MLT",2020,0.466
"Malta","MLT",2021,0.474
"Malta","MLT",2022,0.475
"Marshall Islands","MHL",2010,0.142
"Marshall Islands","MHL",2011,0.143
"Marshall Islands","MHL",2012,0.141
"Marshall Islands","MHL",2013,0.139
"Marshall Islands","MHL",2014,0.139
"Marshall Islands","MHL",2015,0.146
"Marshall Islands","MHL",2016,0.153
"Marshall Islands","MHL",2017,0.147
"Marshall Islands","MHL",2018,0.147
"Marshall Islands","MHL",2019,0.148
"Marshall Islands","MHL",2020,0.146
"Marshall Islands","MHL",2021,0.149
"Marshall Islands","MHL",2022,0.148
"Mauritania","MRT",2010,0.276
"Mauritania","MRT",2011,0.28
"Mauritania","MRT",2012,0.284
"Mauritania","MRT",2013,0.279
"Mauritania","MRT",2014,0.286
"Mauritania","MRT",2015,0.289
"Mauritania","MRT",2016,0.283
"Mauritania","MRT",2017,0.29
"Mauritania","MRT",2018,0.29
"Mauritania","MRT",2019,0.296
"Mauritania","MRT",2020,0.298
"Mauritania","MRT",2021,0.299
"Mauritania","MRT",2022,0.3
"Mauritius","MUS",2010,0.4
"Mauritius","MUS",2011,0.398
"Mauritius","MUS",2012,0.398
"Mauritius","MUS",2013,0.4
"Mauritius","MUS",2014,0.408
"Mauritius","MUS",2015,0.399
"Mauritius","MUS",2016,0.405
"Mauritius","MUS",2017,0.415
"Mauritius","MUS",2018,0.412
"Mauritius","MUS",2019,0.421
"Mauritius","MUS",2020,0.394
"Mauritius","MUS",2021,0.395
"Mauritius","MUS",2022,0.397
"Mexico","MEX",2010,0.699
"Mexico","MEX",2011,0.698
"Mexico","MEX",2012,0.702
"Mexico","MEX",2013,0.702
"Mexico","MEX",2014,0.701
"Mexico","MEX",2015,0.7
"Mexico","MEX",2016,0.689
"Mexico","MEX",2017,0.685
"Mexico","MEX",2018,0.688
"Mexico","MEX",2019,0.691
"Mexico","MEX",2020,0.683
"Mexico","MEX",2021,0.689
"Mexico","MEX",2022,0.688
"Micronesia","FSM",2010,0.153
"Micronesia","FSM",2011,0.152
"Micronesia","FSM",2012,0.153
"Micronesia","FSM",2013,0.147
"Micronesia","FSM",2014,0.142
"Micronesia","FSM",2015,0.148
"Micronesia","FSM",2016,0.155
"Micronesia","FSM",2017,0.155
"Micronesia","FSM",2018,0.148
"Micronesia","FSM",2019,0.149
"Micronesia","FSM",2020,0.158
"Micronesia","FSM",2021,0.155
"Micronesia","FSM",2022,0.153
"Mongolia","MNG",2010,0.344
"Mongolia","MNG",2011,0.359
"Mongolia","MNG",2012,0.378
"Mongolia","MNG",2013,0.377
"Mongolia","MNG",2014,0.38
"Mongolia","MNG",2015,0.374
"Mongolia","MNG",2016,0.374
"Mongolia","MNG",2017,0.365
"Mongolia","MNG",2018,0.375
"Mongolia","MNG",2019,0.383
"Mongolia","MNG",2020,0.376
"Mongolia","MNG",2021,0.38
"Mongolia","MNG",2022,0.379
"Montenegro","MNE",2010,0.369
"Montenegro","MNE",2011,0.363
"Montenegro","MNE",2012,0.36
"Montenegro","MNE",2013,0.354
"Montenegro","MNE",2014,0.353
"Montenegro","MNE",2015,0.348
"Montenegro","MNE",2016,0.352
"Montenegro","MNE",2017,0.353
"Montenegro","MNE",2018,0.358
"Montenegro","MNE",2019,0.366
"Montenegro","MNE",2020,0.355
"Montenegro","MNE",2021,0.364
"Montenegro","MNE",2022,0.365
"Morocco","MAR",2010,0.527
"Morocco","MAR",2011,0.524
"Morocco","MAR",2012,0.517
"Morocco","MAR",2013,0.511
"Morocco","MAR",2014,0.504
"Morocco","MAR",2015,0.5
"Morocco","MAR",2016,0.497
"Morocco","MAR",2017,0.497
"Morocco","MAR",2018,0.504
"Morocco","MAR",2019,0.509
"Morocco","MAR",2020,0.507
"Morocco","MAR",2021,0.513
"Morocco","MAR",2022,0.512
"Mozambique","MOZ",2010,0.329
"Mozambique","MOZ",2011,0.339
"Mozambique","MOZ",2012,0.351
"Mozambique","MOZ",2013,0.353
"Mozambique","MOZ",2014,0.361
"Mozambique","MOZ",2015,0.35
"Mozambique","MOZ",2016,0.331
"Mozambique","MOZ",2017,0.33
"Mozambique","MOZ",2018,0.334
"Mozambique","MOZ",2019,0.34
"Mozambique","MOZ",2020,0.335
"Mozambique","MOZ",2021,0.341
"Mozambique","MOZ",2022,0.343
"Myanmar","MMR",2010,0.388
"Myanmar","MMR",2011,0.407
"Myanmar","MMR",2012,0.414
"Myanmar","MMR",2013,0.42
"Myanmar","MMR",2014,0.426
"Myanmar","MMR",2015,0.428
"Myanmar","MMR",2016,0.425
"Myanmar","MMR",2017,0.425
"Myanmar","MMR",2018,0.428
"Myanmar","MMR",2019,0.432
"Myanmar","MMR",2020,0.436
"Myanmar","MMR",2021,0.422
"Myanmar","MMR",2022,0.42
"Namibia","NAM",2010,0.408
"Namibia","NAM",2011,0.412
"Namibia","NAM",2012,0.419
"Namibia","NAM",2013,0.416
"Namibia","NAM",2014,0.413
"Namibia","NAM",2015,0.41
"Namibia","NAM",2016,0.402
"Namibia","NAM",2017,0.401
"Namibia","NAM",2018,0.402
"Namibia","NAM",2019,0.402
"Namibia","NAM",2020,0.392
"Namibia","NAM",2021,0.396
"Namibia","NAM",2022,0.395
"Nepal","NPL",2010,0.359
"Nepal","NPL",2011,0.366
"Nepal","NPL",2012,0.373
"Nepal","NPL",2013,0.37
"Nepal","NPL",2014,0.371
"Nepal","NPL",2015,0.37
"Nepal","NPL",2016,0.372
"Nepal","NPL",2017,0.379
"Nepal","NPL",2018,0.374
"Nepal","NPL",2019,0.382
"Nepal","NPL",2020,0.389
"Nepal","NPL",2021,0.39
"Nepal","NPL",2022,0.391
"Netherlands (Kingdom of the)","NLD",2010,0.762
"Netherlands (Kingdom of the)","NLD",2011,0.762
"Netherlands (Kingdom of the)","NLD",2012,0.755
"Netherlands (Kingdom of the)","NLD",2013,0.755
"Netherlands (Kingdom of the)","NLD",2014,0.752
"Netherlands (Kingdom of the)","NLD",2015,0.745
"Netherlands (Kingdom of the)","NLD",2016,0.742
"Netherlands (Kingdom of the)","NLD",2017,0.742
"Netherlands (Kingdom of the)","NLD",2018,0.745
"Netherlands (Kingdom of the)","NLD",2019,0.748
"Netherlands (Kingdom of the)","NLD",2020,0.748
"Netherlands (Kingdom of the)","NLD",2021,0.753
"Netherlands (Kingdom of the)","NLD",2022,0.753
"New Zealand","NZL",2010,0.649
"New Zealand","NZL",2011,0.651
"New Zealand","NZL",2012,0.654
"New Zealand","NZL",2013,0.652
"New Zealand","NZL",2014,0.657
"New Zealand","NZL",2015,0.653
"New Zealand","NZL",2016,0.655
"New Zealand","NZL",2017,0.656
"New Zealand","NZL",2018,0.654
"New Zealand","NZL",2019,0.655
"New Zealand","NZL",2020,0.655
"New Zealand","NZL",2021,0.659
"New Zealand","NZL",2022,0.659
"Nicaragua","NIC",2010,0.316
"Nicaragua","NIC",2011,0.325
"Nicaragua","NIC",2012,0.333
"Nicaragua","NIC",2013,0.332
"Nicaragua","NIC",2014,0.339
"Nicaragua","NIC",2015,0.341
"Nicaragua","NIC",2016,0.357
"Nicaragua","NIC",2017,0.356
"Nicaragua","NIC",2018,0.348
"Nicaragua","NIC",2019,0.346
"Nicaragua","NIC",2020,0.345
"Nicaragua","NIC",2021,0.352
"Nicaragua","NIC",2022,0.352
"Niger","NER",2010,0.278
"Niger","NER",2011,0.274
"Niger","NER",2012,0.277
"Niger","NER",2013,0.277
"Niger","NER",2014,0.284
"Niger","NER",2015,0.289
"Niger","NER",2016,0.293
"Niger","NER",2017,0.301
"Niger","NER",2018,0.305
"Niger","NER",2019,0.306
"Niger","NER",2020,0.311
"Niger","NER",2021,0.318
"Niger","NER",2022,0.32
"Nigeria","NGA",2010,0.506
"Nigeria","NGA",2011,0.512
"Nigeria","NGA",2012,0.517
"Nigeria","NGA",2013,0.529
"Nigeria","NGA",2014,0.528
"Nigeria","NGA",2015,0.517
"Nigeria","NGA",2016,0.506
"Nigeria","NGA",2017,0.494
"Nigeria","NGA",2018,0.493
"Nigeria","NGA",2019,0.497
"Nigeria","NGA",2020,0.502
"Nigeria","NGA",2021,0.495
"Nigeria","NGA",2022,0.495
"North Macedonia","MKD",2010,0.397
"North Macedonia","MKD",2011,0.398
"North Macedonia","MKD",2012,0.393
"North Macedonia","MKD",2013,0.391
"North Macedonia","MKD",2014,0.393
"North Macedonia","MKD",2015,0.386
"North Macedonia","MKD",2016,0.386
"North Macedonia","MKD",2017,0.382
"North Macedonia","MKD",2018,0.386
"North Macedonia","MKD",2019,0.392
"North Macedonia","MKD",2020,0.391
"North Macedonia","MKD",2021,0.397
"North Macedonia","MKD",2022,0.397
"Norway","NOR",2010,0.739
"Norway","NOR",2011,0.741
"Norway","NOR",2012,0.743
"Norway","NOR",2013,0.742
"Norway","NOR",2014,0.741
"Norway","NOR",2015,0.73
"Norway","NOR",2016,0.724
"Norway","NOR",2017,0.721
"Norway","NOR",2018,0.721
"Norway","NOR",2019,0.72
"Norway","NOR",2020,0.713
"Norway","NOR",2021,0.721
"Norway","NOR",2022,0.722
"Oman","OMN",2010,0.558
"Oman","OMN",2011,0.557
"Oman","OMN",2012,0.567
"Oman","OMN",2013,0.569
"Oman","OMN",2014,0.568
"Oman","OMN",2015,0.569
"Oman","OMN",2016,0.569
"Oman","OMN",2017,0.572
"Oman","OMN",2018,0.57
"Oman","OMN",2019,0.576
"Oman","OMN",2020,0.574
"Oman","OMN",2021,0.574
"Oman","OMN",2022,0.576
"Pakistan","PAK",2010,0.53
"Pakistan","PAK",2011,0.533
"Pakistan","PAK",2012,0.537
"Pakistan","PAK",2013,0.535
"Pakistan","PAK",2014,0.536
"Pakistan","PAK",2015,0.541
"Pakistan","PAK",2016,0.543
"Pakistan","PAK",2017,0.545
"Pakistan","PAK",2018,0.547
"Pakistan","PAK",2019,0.541
"Pakistan","PAK",2020,0.542
"Pakistan","PAK",2021,0.547
"Pakistan","PAK",2022,0.547
"Palau","PLW",2010,0.158
"Palau","PLW",2011,0.156
"Palau","PLW",2012,0.167
"Palau","PLW",2013,0.166
"Palau","PLW",2014,0.184
"Palau","PLW",2015,0.193
"Palau","PLW",2016,0.194
"Palau","PLW",2017,0.188
"Palau","PLW",2018,0.189
"Palau","PLW",2019,0.196
"Palau","PLW",2020,0.19
"Palau","PLW",2021,0.189
"Palau","PLW",2022,0.19
"Panama","PAN",2010,0.452
"Panama","PAN",2011,0.46
"Panama","PAN",2012,0.463
"Panama","PAN",2013,0.472
"Panama","PAN",2014,0.474
"Panama","PAN",2015,0.49
"Panama","PAN",2016,0.492
"Panama","PAN",2017,0.493
"Panama","PAN",2018,0.493
"Panama","PAN",2019,0.498
"Panama","PAN",2020,0.486
"Panama","PAN",2021,0.492
"Panama","PAN",2022,0.495
"Papua New Guinea","PNG",2010,0.309
"Papua New Guinea","PNG",2011,0.321
"Papua New Guinea","PNG",2012,0.333
"Papua New Guinea","PNG",2013,0.335
"Papua New Guinea","PNG",2014,0.34
"Papua New Guinea","PNG",2015,0.345
"Papua New Guinea","PNG",2016,0.342
"Papua New Guinea","PNG",2017,0.35
"Papua New Guinea","PNG",2018,0.352
"Papua New Guinea","PNG",2019,0.359
"Papua New Guinea","PNG",2020,0.359
"Papua New Guinea","PNG",2021,0.36
"Papua New Guinea","PNG",2022,0.361
"Paraguay","PRY",2010,0.414
"Paraguay","PRY",2011,0.429
"Paraguay","PRY",2012,0.434
"Paraguay","PRY",2013,0.44
"Paraguay","PRY",2014,0.446
"Paraguay","PRY",2015,0.433
"Paraguay","PRY",2016,0.436
"Paraguay","PRY",2017,0.443
"Paraguay","PRY",2018,0.451
"Paraguay","PRY",2019,0.452
"Paraguay","PRY",2020,0.443
"Paraguay","PRY",2021,0.446
"Paraguay","PRY",2022,0.444
"Peru","PER",2010,0.535
"Peru","PER",2011,0.536
"Peru","PER",2012,0.546
"Peru","PER",2013,0.545
"Peru","PER",2014,0.553
"Peru","PER",2015,0.56
"Peru","PER",2016,0.561
"Peru","PER",2017,0.563
"Peru","PER",2018,0.563
"Peru","PER",2019,0.576
"Peru","PER",2020,0.569
"Peru","PER",2021,0.571
"Peru","PER",2022,0.571
"Philippines","PHL",2010,0.543
"Philippines","PHL",2011,0.553
"Philippines","PHL",2012,0.563
"Philippines","PHL",2013,0.574
"Philippines","PHL",2014,0.568
"Philippines","PHL",2015,0.569
"Philippines","PHL",2016,0.574
"Philippines","PHL",2017,0.578
"Philippines","PHL",2018,0.575
"Philippines","PHL",2019,0.582
"Philippines","PHL",2020,0.577
"Philippines","PHL",2021,0.58
"Philippines","PHL",2022,0.583
"Poland","POL",2010,0.689
"Poland","POL",2011,0.688
"Poland","POL",2012,0.684
"Poland","POL",2013,0.683
"Poland","POL",2014,0.684
"Poland","POL",2015,0.678
"Poland","POL",2016,0.674
"Poland","POL",2017,0.675
"Poland","POL",2018,0.68
"Poland","POL",2019,0.685
"Poland","POL",2020,0.688
"Poland","POL",2021,0.692
"Poland","POL",2022,0.693
"Portugal","PRT",2010,0.669
"Portugal","PRT",2011,0.664
"Portugal","PRT",2012,0.654
"Portugal","PRT",2013,0.652
"Portugal","PRT",2014,0.651
"Portugal","PRT",2015,0.642
"Portugal","PRT",2016,0.642
"Portugal","PRT",2017,0.641
"Portugal","PRT",2018,0.645
"Portugal","PRT",2019,0.647
"Portugal","PRT",2020,0.647
"Portugal","PRT",2021,0.651
"Portugal","PRT",2022,0.651
"Qatar","QAT",2010,0.614
"Qatar","QAT",2011,0.623
"Qatar","QAT",2012,0.634
"Qatar","QAT",2013,0.639
"Qatar","QAT",2014,0.645
"Qatar","QAT",2015,0.66
"Qatar","QAT",2016,0.649
"Qatar","QAT",2017,0.641
"Qatar","QAT",2018,0.644
"Qatar","QAT",2019,0.649
"Qatar","QAT",2020,0.644
"Qatar","QAT",2021,0.646
"Qatar","QAT",2022,0.646
"Republic of Korea","KOR",2010,0.752
"Republic of Korea","KOR",2011,0.755
"Republic of Korea","KOR",2012,0.757
"Republic of Korea","KOR",2013,0.762
"Republic of Korea","KOR",2014,0.766
"Republic of Korea","KOR",2015,0.765
"Republic of Korea","KOR",2016,0.764
"Republic of Korea","KOR",2017,0.766
"Republic of Korea","KOR",2018,0.771
"Republic of Korea","KOR",2019,0.773
"Republic of Korea","KOR",2020,0.773
"Republic of Korea","KOR",2021,0.775
"Republic of Korea","KOR",2022,0.775
"Republic of Moldova","MDA",2010,0.364
"Republic of Moldova","MDA",2011,0.367
"Republic of Moldova","MDA",2012,0.368
"Republic of Moldova","MDA",2013,0.37
"Republic of Moldova","MDA",2014,0.368
"Republic of Moldova","MDA",2015,0.358
"Republic of Moldova","MDA",2016,0.359
"Republic of Moldova","MDA",2017,0.369
"Republic of Moldova","MDA",2018,0.377
"Republic of Moldova","MDA",2019,0.384
"Republic of Moldova","MDA",2020,0.385
"Republic of Moldova","MDA",2021,0.396
"Republic of Moldova","MDA",2022,0.394
"Romania","ROU",2010,0.588
"Romania","ROU",2011,0.589
"Romania","ROU",2012,0.588
"Romania","ROU",2013,0.584
"Romania","ROU",2014,0.597
"Romania","ROU",2015,0.594
"Romania","ROU",2016,0.594
"Romania","ROU",2017,0.602
"Romania","ROU",2018,0.61
"Romania","ROU",2019,0.619
"Romania","ROU",2020,0.62
"Romania","ROU",2021,0.624
"Romania","ROU",2022,0.624
"Russian Federation","RUS",2010,0.768
"Russian Federation","RUS",2011,0.776
"Russian Federation","RUS",2012,0.783
"Russian Federation","RUS",2013,0.785
"Russian Federation","RUS",2014,0.781
"Russian Federation","RUS",2015,0.757
"Russian Federation","RUS",2016,0.746
"Russian Federation","RUS",2017,0.748
"Russian Federation","RUS",2018,0.751
"Russian Federation","RUS",2019,0.756
"Russian Federation","RUS",2020,0.751
"Russian Federation","RUS",2021,0.755
"Russian Federation","RUS",2022,0.747
"Rwanda","RWA",2010,0.276
"Rwanda","RWA",2011,0.278
"Rwanda","RWA",2012,0.288
"Rwanda","RWA",2013,0.286
"Rwanda","RWA",2014,0.29
"Rwanda","RWA",2015,0.285
"Rwanda","RWA",2016,0.289
"Rwanda","RWA",2017,0.289
"Rwanda","RWA",2018,0.291
"Rwanda","RWA",2019,0.298
"Rwanda","RWA",2020,0.298
"Rwanda","RWA",2021,0.304
"Rwanda","RWA",2022,0.306
"Saint Kitts and Nevis","KNA",2010,0.258
"Saint Kitts and Nevis","KNA",2011,0.256
"Saint Kitts and Nevis","KNA",2012,0.26
"Saint Kitts and Nevis","KNA",2013,0.256
"Saint Kitts and Nevis","KNA",2014,0.26
"Saint Kitts and Nevis","KNA",2015,0.265
"Saint Kitts and Nevis","KNA",2016,0.27
"Saint Kitts and Nevis","KNA",2017,0.261
"Saint Kitts and Nevis","KNA",2018,0.262
"Saint Kitts and Nevis","KNA",2019,0.266
"Saint Kitts and Nevis","KNA",2020,0.263
"Saint Kitts and Nevis","KNA",2021,0.261
"Saint Kitts and Nevis","KNA",2022,0.266
"Saint Lucia","LCA",2010,0.266
"Saint Lucia","LCA",2011,0.265
"Saint Lucia","LCA",2012,0.265
"Saint Lucia","LCA",2013,0.259
"Saint Lucia","LCA",2014,0.262
"Saint Lucia","LCA",2015,0.268
"Saint Lucia","LCA",2016,0.277
"Saint Lucia","LCA",2017,0.277
"Saint Lucia","LCA",2018,0.281
"Saint Lucia","LCA",2019,0.275
"Saint Lucia","LCA",2020,0.264
"Saint Lucia","LCA",2021,0.27
"Saint Lucia","LCA",2022,0.274
"Saint Vincent and the Grenadines","VCT",2010,0.233
"Saint Vincent and the Grenadines","VCT",2011,0.226
"Saint Vincent and the Grenadines","VCT",2012,0.23
"Saint Vincent and the Grenadines","VCT",2013,0.227
"Saint Vincent and the Grenadines","VCT",2014,0.228
"Saint Vincent and the Grenadines","VCT",2015,0.225
"Saint Vincent and the Grenadines","VCT",2016,0.231
"Saint Vincent and the Grenadines","VCT",2017,0.228
"Saint Vincent and the Grenadines","VCT",2018,0.222
"Saint Vincent and the Grenadines","VCT",2019,0.221
"Saint Vincent and the Grenadines","VCT",2020,0.225
"Saint Vincent and the Grenadines","VCT",2021,0.229
"Saint Vincent and the Grenadines","VCT",2022,0.23
"Samoa","WSM",2010,0.205
"Samoa","WSM",2011,0.206
"Samoa","WSM",2012,0.202
"Samoa","WSM",2013,0.207
"Samoa","WSM",2014,0.214
"Samoa","WSM",2015,0.208
"Samoa","WSM",2016,0.21
"Samoa","WSM",2017,0.206
"Samoa","WSM",2018,0.204
"Samoa","WSM",2019,0.207
"Samoa","WSM",2020,0.202
"Samoa","WSM",2021,0.198
"Samoa","WSM",2022,0.196
"Sao Tome and Principe","STP",2010,0.128
"Sao Tome and Principe","STP",2011,0.13
"Sao Tome and Principe","STP",2012,0.127
"Sao Tome and Principe","STP",2013,0.124
"Sao Tome and Principe","STP",2014,0.134
"Sao Tome and Principe","STP",2015,0.131
"Sao Tome and Principe","STP",2016,0.13
"Sao Tome and Principe","STP",2017,0.129
"Sao Tome and Principe","STP",2018,0.129
"Sao Tome and Principe","STP",2019,0.13
"Sao Tome and Principe","STP",2020,0.136
"Sao Tome and Principe","STP",2021,0.14
"Sao Tome and Principe","STP",2022,0.139
"Saudi Arabia","SAU",2010,0.715
"Saudi Arabia","SAU",2011,0.723
"Saudi Arabia","SAU",2012,0.732
"Saudi Arabia","SAU",2013,0.743
"Saudi Arabia","SAU",2014,0.745
"Saudi Arabia","SAU",2015,0.743
"Saudi Arabia","SAU",2016,0.736
"Saudi Arabia","SAU",2017,0.732
"Saudi Arabia","SAU",2018,0.737
"Saudi Arabia","SAU",2019,0.739
"Saudi Arabia","SAU",2020,0.735
"Saudi Arabia","SAU",2021,0.736
"Saudi Arabia","SAU",2022,0.739
"Senegal","SEN",2010,0.374
"Senegal","SEN",2011,0.373
"Senegal","SEN",2012,0.367
"Senegal","SEN",2013,0.364
"Senegal","SEN",2014,0.366
"Senegal","SEN",2015,0.366
"Senegal","SEN",2016,0.368
"Senegal","SEN",2017,0.376
"Senegal","SEN",2018,0.379
"Senegal","SEN",2019,0.382
"Senegal","SEN",2020,0.387
"Senegal","SEN",2021,0.393
"Senegal","SEN",2022,0.394
"Serbia","SRB",2010,0.513
"Serbia","SRB",2011,0.512
"Serbia","SRB",2012,0.503
"Serbia","SRB",2013,0.506
"Serbia","SRB",2014,0.505
"Serbia","SRB",2015,0.497
"Serbia","SRB",2016,0.492
"Serbia","SRB",2017,0.49
"Serbia","SRB",2018,0.5
"Serbia","SRB",2019,0.509
"Serbia","SRB",2020,0.515
"Serbia","SRB",2021,0.524
"Serbia","SRB",2022,0.524
"Seychelles","SYC",2010,0.269
"Seychelles","SYC",2011,0.276
"Seychelles","SYC",2012,0.277
"Seychelles","SYC",2013,0.277
"Seychelles","SYC",2014,0.299
"Seychelles","SYC",2015,0.302
"Seychelles","SYC",2016,0.304
"Seychelles","SYC",2017,0.299
"Seychelles","SYC",2018,0.301
"Seychelles","SYC",2019,0.31
"Seychelles","SYC",2020,0.277
"Seychelles","SYC",2021,0.299
"Seychelles","SYC",2022,0.299
"Sierra Leone","SLE",2010,0.207
"Sierra Leone","SLE",2011,0.22
"Sierra Leone","SLE",2012,0.237
"Sierra Leone","SLE",2013,0.239
"Sierra Leone","SLE",2014,0.243
"Sierra Leone","SLE",2015,0.234
"Sierra Leone","SLE",2016,0.225
"Sierra Leone","SLE",2017,0.226
"Sierra Leone","SLE",2018,0.218
"Sierra Leone","SLE",2019,0.21
"Sierra Leone","SLE",2020,0.213
"Sierra Leone","SLE",2021,0.215
"Sierra Leone","SLE",2022,0.214
"Singapore","SGP",2010,0.676
"Singapore","SGP",2011,0.682
"Singapore","SGP",2012,0.685
"Singapore","SGP",2013,0.688
"Singapore","SGP",2014,0.688
"Singapore","SGP",2015,0.685
"Singapore","SGP",2016,0.687
"Singapore","SGP",2017,0.688
"Singapore","SGP",2018,0.689
"Singapore","SGP",2019,0.689
"Singapore","SGP",2020,0.685
"Singapore","SGP",2021,0.691
"Singapore","SGP",2022,0.692
"Slovakia","SVK",2010,0.582
"Slovakia","SVK",2011,0.582
"Slovakia","SVK",2012,0.579
"Slovakia","SVK",2013,0.577
"Slovakia","SVK",2014,0.577
"Slovakia","SVK",2015,0.573
"Slovakia","SVK",2016,0.571
"Slovakia","SVK",2017,0.57
"Slovakia","SVK",2018,0.574
"Slovakia","SVK",2019,0.58
"Slovakia","SVK",2020,0.582
"Slovakia","SVK",2021,0.584
"Slovakia","SVK",2022,0.584
"Slovenia","SVN",2010,0.57
"Slovenia","SVN",2011,0.567
"Slovenia","SVN",2012,0.558
"Slovenia","SVN",2013,0.554
"Slovenia","SVN",2014,0.552
"Slovenia","SVN",2015,0.544
"Slovenia","SVN",2016,0.542
"Slovenia","SVN",2017,0.543
"Slovenia","SVN",2018,0.547
"Slovenia","SVN",2019,0.55
"Slovenia","SVN",2020,0.552
"Slovenia","SVN",2021,0.561
"Slovenia","SVN",2022,0.561
"Solomon Islands","SLB",2010,0.193
"Solomon Islands","SLB",2011,0.196
"Solomon Islands","SLB",2012,0.199
"Solomon Islands","SLB",2013,0.204
"Solomon Islands","SLB",2014,0.213
"Solomon Islands","SLB",2015,0.212
"Solomon Islands","SLB",2016,0.212
"Solomon Islands","SLB",2017,0.21
"Solomon Islands","SLB",2018,0.211
"Solomon Islands","SLB",2019,0.214
"Solomon Islands","SLB",2020,0.216
"Solomon Islands","SLB",2021,0.216
"Solomon Islands","SLB",2022,0.211
"Somalia","SOM",2010,0.14
"Somalia","SOM",2011,0.164
"Somalia","SOM",2012,0.158
"Somalia","SOM",2013,0.189
"Somalia","SOM",2014,0.188
"Somalia","SOM",2015,0.194
"Somalia","SOM",2016,0.193
"Somalia","SOM",2017,0.195
"Somalia","SOM",2018,0.197
"Somalia","SOM",2019,0.207
"Somalia","SOM",2020,0.215
"Somalia","SOM",2021,0.222
"Somalia","SOM",2022,0.222
"South Africa","ZAF",2010,0.644
"South Africa","ZAF",2011,0.648
"South Africa","ZAF",2012,0.648
"South Africa","ZAF",2013,0.639
"South Africa","ZAF",2014,0.632
"South Africa","ZAF",2015,0.624
"South Africa","ZAF",2016,0.618
"South Africa","ZAF",2017,0.622
"South Africa","ZAF",2018,0.622
"South Africa","ZAF",2019,0.622
"South Africa","ZAF",2020,0.617
"South Africa","ZAF",2021,0.624
"South Africa","ZAF",2022,0.623
"South Sudan","SSD",2010,0
"South Sudan","SSD",2011,0.292
"South Sudan","SSD",2012,0.292
"South Sudan","SSD",2013,0.3
"South Sudan","SSD",2014,0.302
"South Sudan","SSD",2015,0.297
"South Sudan","SSD",2016,0.224
"South Sudan","SSD",2017,0.218
"South Sudan","SSD",2018,0.22
"South Sudan","SSD",2019,0.237
"South Sudan","SSD",2020,0.257
"South Sudan","SSD",2021,0.243
"South Sudan","SSD",2022,0.246
"Spain","ESP",2010,0.782
"Spain","ESP",2011,0.781
"Spain","ESP",2012,0.771
"Spain","ESP",2013,0.768
"Spain","ESP",2014,0.766
"Spain","ESP",2015,0.759
"Spain","ESP",2016,0.758
"Spain","ESP",2017,0.758
"Spain","ESP",2018,0.76
"Spain","ESP",2019,0.761
"Spain","ESP",2020,0.755
"Spain","ESP",2021,0.759
"Spain","ESP",2022,0.76
"Sri Lanka","LKA",2010,0.468
"Sri Lanka","LKA",2011,0.476
"Sri Lanka","LKA",2012,0.476
"Sri Lanka","LKA",2013,0.477
"Sri Lanka","LKA",2014,0.481
"Sri Lanka","LKA",2015,0.477
"Sri Lanka","LKA",2016,0.477
"Sri Lanka","LKA",2017,0.479
"Sri Lanka","LKA",2018,0.477
"Sri Lanka","LKA",2019,0.479
"Sri Lanka","LKA",2020,0.472
"Sri Lanka","LKA",2021,0.472
"Sri Lanka","LKA",2022,0.472
"Sudan","SDN",2010,0.414
"Sudan","SDN",2011,0.412
"Sudan","SDN",2012,0.407
"Sudan","SDN",2013,0.403
"Sudan","SDN",2014,0.404
"Sudan","SDN",2015,0.411
"Sudan","SDN",2016,0.421
"Sudan","SDN",2017,0.412
"Sudan","SDN",2018,0.361
"Sudan","SDN",2019,0.348
"Sudan","SDN",2020,0.338
"Sudan","SDN",2021,0.344
"Sudan","SDN",2022,0.342
"Suriname","SUR",2010,0.333
"Suriname","SUR",2011,0.332
"Suriname","SUR",2012,0.342
"Suriname","SUR",2013,0.34
"Suriname","SUR",2014,0.341
"Suriname","SUR",2015,0.337
"Suriname","SUR",2016,0.313
"Suriname","SUR",2017,0.302
"Suriname","SUR",2018,0.306
"Suriname","SUR",2019,0.312
"Suriname","SUR",2020,0.299
"Suriname","SUR",2021,0.298
"Suriname","SUR",2022,0.297
"Sweden","SWE",2010,0.743
"Sweden","SWE",2011,0.746
"Sweden","SWE",2012,0.744
"Sweden","SWE",2013,0.748
"Sweden","SWE",2014,0.744
"Sweden","SWE",2015,0.737
"Sweden","SWE",2016,0.736
"Sweden","SWE",2017,0.733
"Sweden","SWE",2018,0.731
"Sweden","SWE",2019,0.729
"Sweden","SWE",2020,0.729
"Sweden","SWE",2021,0.733
"Sweden","SWE",2022,0.733
"Switzerland","CHE",2010,0.747
"Switzerland","CHE",2011,0.753
"Switzerland","CHE",2012,0.754
"Switzerland","CHE",2013,0.758
"Switzerland","CHE",2014,0.753
"Switzerland","CHE",2015,0.753
"Switzerland","CHE",2016,0.753
"Switzerland","CHE",2017,0.75
"Switzerland","CHE",2018,0.748
"Switzerland","CHE",2019,0.748
"Switzerland","CHE",2020,0.75
"Switzerland","CHE",2021,0.753
"Switzerland","CHE",2022,0.752
"Syrian Arab Republic","SYR",2010,0.508
"Syrian Arab Republic","SYR",2011,0.482
"Syrian Arab Republic","SYR",2012,0.444
"Syrian Arab Republic","SYR",2013,0.418
"Syrian Arab Republic","SYR",2014,0.389
"Syrian Arab Republic","SYR",2015,0.363
"Syrian Arab Republic","SYR",2016,0.329
"Syrian Arab Republic","SYR",2017,0.34
"Syrian Arab Republic","SYR",2018,0.351
"Syrian Arab Republic","SYR",2019,0.351
"Syrian Arab Republic","SYR",2020,0.347
"Syrian Arab Republic","SYR",2021,0.346
"Syrian Arab Republic","SYR",2022,0.344
"Tajikistan","TJK",2010,0.303
"Tajikistan","TJK",2011,0.311
"Tajikistan","TJK",2012,0.309
"Tajikistan","TJK",2013,0.318
"Tajikistan","TJK",2014,0.332
"Tajikistan","TJK",2015,0.33
"Tajikistan","TJK",2016,0.322
"Tajikistan","TJK",2017,0.318
"Tajikistan","TJK",2018,0.312
"Tajikistan","TJK",2019,0.319
"Tajikistan","TJK",2020,0.321
"Tajikistan","TJK",2021,0.326
"Tajikistan","TJK",2022,0.325
"Thailand","THA",2010,0.63
"Thailand","THA",2011,0.635
"Thailand","THA",2012,0.639
"Thailand","THA",2013,0.638
"Thailand","THA",2014,0.641
"Thailand","THA",2015,0.642
"Thailand","THA",2016,0.643
"Thailand","THA",2017,0.647
"Thailand","THA",2018,0.652
"Thailand","THA",2019,0.661
"Thailand","THA",2020,0.658
"Thailand","THA",2021,0.657
"Thailand","THA",2022,0.657
"Timor-Leste","TLS",2010,0.252
"Timor-Leste","TLS",2011,0.262
"Timor-Leste","TLS",2012,0.261
"Timor-Leste","TLS",2013,0.249
"Timor-Leste","TLS",2014,0.242
"Timor-Leste","TLS",2015,0.226
"Timor-Leste","TLS",2016,0.237
"Timor-Leste","TLS",2017,0.225
"Timor-Leste","TLS",2018,0.225
"Timor-Leste","TLS",2019,0.235
"Timor-Leste","TLS",2020,0.244
"Timor-Leste","TLS",2021,0.243
"Timor-Leste","TLS",2022,0.243
"Togo","TGO",2010,0.258
"Togo","TGO",2011,0.259
"Togo","TGO",2012,0.26
"Togo","TGO",2013,0.262
"Togo","TGO",2014,0.266
"Togo","TGO",2015,0.264
"Togo","TGO",2016,0.27
"Togo","TGO",2017,0.271
"Togo","TGO",2018,0.282
"Togo","TGO",2019,0.286
"Togo","TGO",2020,0.295
"Togo","TGO",2021,0.3
"Togo","TGO",2022,0.301
"Tonga","TON",2010,0.168
"Tonga","TON",2011,0.174
"Tonga","TON",2012,0.181
"Tonga","TON",2013,0.176
"Tonga","TON",2014,0.169
"Tonga","TON",2015,0.179
"Tonga","TON",2016,0.177
"Tonga","TON",2017,0.179
"Tonga","TON",2018,0.18
"Tonga","TON",2019,0.181
"Tonga","TON",2020,0.19
"Tonga","TON",2021,0.19
"Tonga","TON",2022,0.187
"Trinidad and Tobago","TTO",2010,0.463
"Trinidad and Tobago","TTO",2011,0.46
"Trinidad and Tobago","TTO",2012,0.456
"Trinidad and Tobago","TTO",2013,0.458
"Trinidad and Tobago","TTO",2014,0.465
"Trinidad and Tobago","TTO",2015,0.465
"Trinidad and Tobago","TTO",2016,0.459
"Trinidad and Tobago","TTO",2017,0.452
"Trinidad and Tobago","TTO",2018,0.459
"Trinidad and Tobago","TTO",2019,0.461
"Trinidad and Tobago","TTO",2020,0.455
"Trinidad and Tobago","TTO",2021,0.451
"Trinidad and Tobago","TTO",2022,0.453
"Tunisia","TUN",2010,0.492
"Tunisia","TUN",2011,0.486
"Tunisia","TUN",2012,0.484
"Tunisia","TUN",2013,0.482
"Tunisia","TUN",2014,0.481
"Tunisia","TUN",2015,0.478
"Tunisia","TUN",2016,0.472
"Tunisia","TUN",2017,0.465
"Tunisia","TUN",2018,0.461
"Tunisia","TUN",2019,0.462
"Tunisia","TUN",2020,0.466
"Tunisia","TUN",2021,0.47
"Tunisia","TUN",2022,0.469
"Turkey","TUR",2010,0.693
"Turkey","TUR",2011,0.69
"Turkey","TUR",2012,0.691
"Turkey","TUR",2013,0.689
"Turkey","TUR",2014,0.685
"Turkey","TUR",2015,0.682
"Turkey","TUR",2016,0.688
"Turkey","TUR",2017,0.686
"Turkey","TUR",2018,0.682
"Turkey","TUR",2019,0.683
"Turkey","TUR",2020,0.679
"Turkey","TUR",2021,0.683
"Turkey","TUR",2022,0.683
"Turkmenistan","TKM",2010,0.388
"Turkmenistan","TKM",2011,0.403
"Turkmenistan","TKM",2012,0.418
"Turkmenistan","TKM",2013,0.424
"Turkmenistan","TKM",2014,0.434
"Turkmenistan","TKM",2015,0.425
"Turkmenistan","TKM",2016,0.418
"Turkmenistan","TKM",2017,0.416
"Turkmenistan","TKM",2018,0.414
"Turkmenistan","TKM",2019,0.419
"Turkmenistan","TKM",2020,0.418
"Turkmenistan","TKM",2021,0.419
"Turkmenistan","TKM",2022,0.417
"Uganda","UGA",2010,0.36
"Uganda","UGA",2011,0.356
"Uganda","UGA",2012,0.35
"Uganda","UGA",2013,0.356
"Uganda","UGA",2014,0.364
"Uganda","UGA",2015,0.368
"Uganda","UGA",2016,0.357
"Uganda","UGA",2017,0.36
"Uganda","UGA",2018,0.366
"Uganda","UGA",2019,0.373
"Uganda","UGA",2020,0.378
"Uganda","UGA",2021,0.383
"Uganda","UGA",2022,0.384
"Ukraine","UKR",2010,0.587
"Ukraine","UKR",2011,0.587
"Ukraine","UKR",2012,0.591
"Ukraine","UKR",2013,0.591
"Ukraine","UKR",2014,0.562
"Ukraine","UKR",2015,0.537
"Ukraine","UKR",2016,0.53
"Ukraine","UKR",2017,0.536
"Ukraine","UKR",2018,0.545
"Ukraine","UKR",2019,0.558
"Ukraine","UKR",2020,0.558
"Ukraine","UKR",2021,0.567
"Ukraine","UKR",2022,0.535
"United Arab Emirates","ARE",2010,0.67
"United Arab Emirates","ARE",2011,0.673
"United Arab Emirates","ARE",2012,0.679
"United Arab Emirates","ARE",2013,0.685
"United Arab Emirates","ARE",2014,0.691
"United Arab Emirates","ARE",2015,0.696
"United Arab Emirates","ARE",2016,0.695
"United Arab Emirates","ARE",2017,0.694
"United Arab Emirates","ARE",2018,0.696
"United Arab Emirates","ARE",2019,0.703
"United Arab Emirates","ARE",2020,0.698
"United Arab Emirates","ARE",2021,0.695
"United Arab Emirates","ARE",2022,0.696
"United Kingdom of Great Britain and Northern Ireland","GBR",2010,0.82
"United Kingdom of Great Britain and Northern Ireland","GBR",2011,0.819
"United Kingdom of Great Britain and Northern Ireland","GBR",2012,0.817
"United Kingdom of Great Britain and Northern Ireland","GBR",2013,0.817
"United Kingdom of Great Britain and Northern Ireland","GBR",2014,0.821
"United Kingdom of Great Britain and Northern Ireland","GBR",2015,0.82
"United Kingdom of Great Britain and Northern Ireland","GBR",2016,0.816
"United Kingdom of Great Britain and Northern Ireland","GBR",2017,0.81
"United Kingdom of Great Britain and Northern Ireland","GBR",2018,0.811
"United Kingdom of Great Britain and Northern Ireland","GBR",2019,0.812
"United Kingdom of Great Britain and Northern Ireland","GBR",2020,0.811
"United Kingdom of Great Britain and Northern Ireland","GBR",2021,0.817
"United Kingdom of Great Britain and Northern Ireland","GBR",2022,0.817
"United Republic of Tanzania","TZA",2010,0.376
"United Republic of Tanzania","TZA",2011,0.376
"United Republic of Tanzania","TZA",2012,0.378
"United Republic of Tanzania","TZA",2013,0.383
"United Republic of Tanzania","TZA",2014,0.404
"United Republic of Tanzania","TZA",2015,0.399
"United Republic of Tanzania","TZA",2016,0.399
"United Republic of Tanzania","TZA",2017,0.399
"United Republic of Tanzania","TZA",2018,0.396
"United Republic of Tanzania","TZA",2019,0.403
"United Republic of Tanzania","TZA",2020,0.405
"United Republic of Tanzania","TZA",2021,0.409
"United Republic of Tanzania","TZA",2022,0.41
"United States of America","USA",2010,0.947
"United States of America","USA",2011,0.946
"United States of America","USA",2012,0.947
"United States of America","USA",2013,0.944
"United States of America","USA",2014,0.943
"United States of America","USA",2015,0.945
"United States of America","USA",2016,0.946
"United States of America","USA",2017,0.946
"United States of America","USA",2018,0.948
"United States of America","USA",2019,0.95
"United States of America","USA",2020,0.95
"United States of America","USA",2021,0.952
"United States of America","USA",2022,0.952
"Uruguay","URY",2010,0.509
"Uruguay","URY",2011,0.523
"Uruguay","URY",2012,0.528
"Uruguay","URY",2013,0.533
"Uruguay","URY",2014,0.529
"Uruguay","URY",2015,0.531
"Uruguay","URY",2016,0.53
"Uruguay","URY",2017,0.532
"Uruguay","URY",2018,0.537
"Uruguay","URY",2019,0.537
"Uruguay","URY",2020,0.534
"Uruguay","URY",2021,0.535
"Uruguay","URY",2022,0.536
"Uzbekistan","UZB",2010,0.425
"Uzbekistan","UZB",2011,0.447
"Uzbekistan","UZB",2012,0.45
"Uzbekistan","UZB",2013,0.452
"Uzbekistan","UZB",2014,0.451
"Uzbekistan","UZB",2015,0.451
"Uzbekistan","UZB",2016,0.452
"Uzbekistan","UZB",2017,0.454
"Uzbekistan","UZB",2018,0.448
"Uzbekistan","UZB",2019,0.452
"Uzbekistan","UZB",2020,0.451
"Uzbekistan","UZB",2021,0.459
"Uzbekistan","UZB",2022,0.459
"Vanuatu","VUT",2010,0.201
"Vanuatu","VUT",2011,0.203
"Vanuatu","VUT",2012,0.2
"Vanuatu","VUT",2013,0.196
"Vanuatu","VUT",2014,0.195
"Vanuatu","VUT",2015,0.193
"Vanuatu","VUT",2016,0.195
"Vanuatu","VUT",2017,0.199
"Vanuatu","VUT",2018,0.198
"Vanuatu","VUT",2019,0.202
"Vanuatu","VUT",2020,0.2
"Vanuatu","VUT",2021,0.199
"Vanuatu","VUT",2022,0.199
"Venezuela (Bolivarian Republic of)","VEN",2010,0.624
"Venezuela (Bolivarian Republic of)","VEN",2011,0.614
"Venezuela (Bolivarian Republic of)","VEN",2012,0.622
"Venezuela (Bolivarian Republic of)","VEN",2013,0.596
"Venezuela (Bolivarian Republic of)","VEN",2014,0.588
"Venezuela (Bolivarian Republic of)","VEN",2015,0.551
"Venezuela (Bolivarian Republic of)","VEN",2016,0.533
"Venezuela (Bolivarian Republic of)","VEN",2017,0.528
"Venezuela (Bolivarian Republic of)","VEN",2018,0.506
"Venezuela (Bolivarian Republic of)","VEN",2019,0.47
"Venezuela (Bolivarian Republic of)","VEN",2020,0.451
"Venezuela (Bolivarian Republic of)","VEN",2021,0.463
"Venezuela (Bolivarian Republic of)","VEN",2022,0.479
"Vietnam","VNM",2010,0.486
"Vietnam","VNM",2011,0.493
"Vietnam","VNM",2012,0.505
"Vietnam","VNM",2013,0.512
"Vietnam","VNM",2014,0.519
"Vietnam","VNM",2015,0.524
"Vietnam","VNM",2016,0.529
"Vietnam","VNM",2017,0.533
"Vietnam","VNM",2018,0.539
"Vietnam","VNM",2019,0.55
"Vietnam","VNM",2020,0.567
"Vietnam","VNM",2021,0.568
"Vietnam","VNM",2022,0.57
"Yemen","YEM",2010,0.407
"Yemen","YEM",2011,0.399
"Yemen","YEM",2012,0.403
"Yemen","YEM",2013,0.406
"Yemen","YEM",2014,0.406
"Yemen","YEM",2015,0.374
"Yemen","YEM",2016,0.355
"Yemen","YEM",2017,0.341
"Yemen","YEM",2018,0.331
"Yemen","YEM",2019,0.338
"Yemen","YEM",2020,0.334
"Yemen","YEM",2021,0.337
"Yemen","YEM",2022,0.338
"Zambia","ZMB",2010,0.379
"Zambia","ZMB",2011,0.38
"Zambia","ZMB",2012,0.389
"Zambia","ZMB",2013,0.398
"Zambia","ZMB",2014,0.404
"Zambia","ZMB",2015,0.39
"Zambia","ZMB",2016,0.383
"Zambia","ZMB",2017,0.382
"Zambia","ZMB",2018,0.375
"Zambia","ZMB",2019,0.377
"Zambia","ZMB",2020,0.358
"Zambia","ZMB",2021,0.358
"Zambia","ZMB",2022,0.358
"Zimbabwe","ZWE",2010,0.315
"Zimbabwe","ZWE",2011,0.331
"Zimbabwe","ZWE",2012,0.337
"Zimbabwe","ZWE",2013,0.354
"Zimbabwe","ZWE",2014,0.358
"Zimbabwe","ZWE",2015,0.354
"Zimbabwe","ZWE",2016,0.362
"Zimbabwe","ZWE",2017,0.368
"Zimbabwe","ZWE",2018,0.359
"Zimbabwe","ZWE",2019,0.342
"Zimbabwe","ZWE",2020,0.343
"Zimbabwe","ZWE",2021,0.359
"Zimbabwe","ZWE",2022,0.359
