ISO,year,GHEI_raw,GHEI_arith
AFG,2012,,
AFG,2014,,
AFG,2015,,
AFG,2018,,
AFG,2019,,
AFG,2020,,
AFG,2021,,
AGO,2013,,
AGO,2014,,
AGO,2019,0.47130672067383306,0.4854928203475434
AGO,2022,0.3952093932802719,0.43360004413506575
ALB,2011,,
ALB,2013,,
AND,2013,,
AND,2021,0.30932743338053775,0.3409348972849133
ARE,2013,,
ARE,2019,0.45469673424148627,0.4830395647238842
ARG,2013,0.5940403018212321,0.5994887803663603
ARG,2016,0.4739787325502967,0.5265841912642688
ARG,2018,0.49505434243160845,0.5530637122364401
ARG,2019,0.49190213773396363,0.5491801888884642
ARG,2020,0.4947108552141695,0.5525650652766668
ARM,2010,,
ARM,2016,,
ARM,2022,,
ATG,2016,0.5072846636955979,0.5741124835178415
ATG,2017,0.5795867190856803,0.5952201170644328
AUS,2012,,
AUS,2016,,
AUS,2018,,
AUS,2020,,
AUS,2021,,
AUS,2023,0.5211715490323315,0.5980345585160176
AUT,2014,,
AUT,2019,0.3521680391197628,0.39360980857060096
AZE,2012,,
BDI,2015,,
BDI,2016,0.3780037707261678,0.41168164797879925
BDI,2021,0.33138515930491913,0.3787186535831057
BEL,2012,,
BEN,2014,,
BEN,2016,,
BEN,2017,,
BEN,2021,0.3667211158688605,0.3979158578166387
BEN,2022,0.3296094821798677,0.37082085665299347
BFA,2010,,
BFA,2015,,
BFA,2018,,
BFA,2019,,
BFA,2022,0.36464497244770333,0.3912866573562051
BGD,2019,,
BGD,2021,0.530265100161198,0.5376453937279266
BGR,2018,,
BGR,2021,,
BGR,2022,,
BHR,2014,,
BHR,2016,0.47760628552471235,0.5498576815439938
BHR,2023,0.5679727929160091,0.5998576815439939
BHS,2012,0.46607072941632643,0.5354548563522222
BHS,2019,0.46472168565920247,0.5331572028056976
BHS,2020,0.5158034955835255,0.556437384872861
BLR,2021,0.4512704937797833,0.49800829332949464
BRA,2013,,
BRA,2017,,
BRA,2022,,
BRB,2010,,
BRB,2015,,
BRB,2018,,
BRB,2021,,
BRB,2023,,
BRN,2023,,
BTN,2011,0.4660056526991211,0.47047157632347514
BTN,2012,0.4846753165147892,0.4881544755376168
BTN,2016,0.4283221075811599,0.46513991307973584
BTN,2019,0.4866976008031958,0.5083708033211132
BTN,2020,0.5406890283454621,0.5501759740935991
BTN,2021,0.4764934512888213,0.49988285567226315
BTN,2023,0.5677501594428938,0.5760733318627393
BWA,2011,0.47421003303446074,0.5514553315042436
BWA,2015,0.5670363925125925,0.6042930031008243
BWA,2018,0.35187743272835814,0.46560460861662706
BWA,2020,0.4364734467298626,0.5177715794896672
CAF,2016,,
CAN,2012,,
CAN,2015,,
CAN,2020,,
CAN,2021,,
CAN,2022,0.555933393875042,0.6448631917205088
CHE,2011,,
CHE,2012,,
CHE,2014,,
CHE,2015,,
CHE,2023,0.45673862465131576,0.5204867678517924
CHL,2010,,
CHL,2011,,
CHL,2013,,
CHL,2015,,
CHL,2018,,
CHL,2021,,
CHN,2010,,
CHN,2011,,
CHN,2012,,
CHN,2013,,
CHN,2014,,
CHN,2015,,
CHN,2016,,
CHN,2017,,
CHN,2018,,
CHN,2019,,
CHN,2020,,
CHN,2021,,
CHN,2022,0.47052773019666366,0.512809523607964
CHN,2023,0.4384542229311382,0.4887023807508211
CIV,2012,,
CIV,2016,,
CIV,2023,0.45732467167519547,0.5081490332526449
CMR,2011,,
CMR,2016,,
CMR,2018,,
CMR,2021,0.38149053561622814,0.44435767980735136
CMR,2022,0.3838822674485924,0.44738610536283185
CMR,2023,0.3845789495569805,0.448278962505689
COD,2010,,
COD,2014,,
COD,2019,0.34992176808307024,0.4062912157860787
COD,2023,0.35108015047135366,0.40867216816703106
COG,2014,,
COG,2015,,
COG,2019,0.30888224122926833,0.3461760044965215
COG,2020,0.3481068351892016,0.3711231336916369
COG,2022,0.32090930717453703,0.3561453201003279
COK,2011,,
COK,2017,,
COL,2016,,
COL,2017,,
COL,2019,,
COL,2020,,
COM,2015,,
COM,2023,,
CPV,2010,,
CPV,2014,,
CPV,2017,0.5083647293654299,0.5356624317526015
CPV,2023,0.4622679903960778,0.5154243365145064
CRI,2013,,
CUB,2010,,
CUB,2011,,
CUB,2012,,
CUB,2013,,
CUB,2014,,
CUB,2015,,
CUB,2016,,
CUB,2017,,
CUB,2018,,
CUB,2019,,
CUB,2020,,
CUB,2021,0.0,0.3481006630213886
CUB,2022,0.0,0.356474168058944
CUB,2023,0.0,0.356474168058944
CYP,2011,,
CZE,2022,,
DEU,2010,,
DEU,2018,,
DEU,2020,,
DEU,2021,,
DEU,2022,,
DJI,2012,,
DJI,2017,,
DJI,2018,,
DJI,2019,,
DJI,2020,0.329386054963274,0.3935680740019461
DJI,2021,0.3519166932315383,0.40454208433463584
DJI,2022,0.3919867668356398,0.43236479893076313
DJI,2023,0.35324242999831157,0.4061743227402869
DNK,2012,,
DNK,2018,,
DNK,2021,,
DOM,2015,,
DOM,2017,,
DOM,2018,,
DOM,2022,,
DZA,2016,,
DZA,2021,,
ECU,2010,,
ECU,2018,,
ECU,2023,0.5270053241587068,0.558827036554566
EGY,2010,,
EGY,2011,,
EGY,2013,,
ERI,2011,,
ERI,2014,,
ERI,2020,0.43557883857926144,0.47937681801800563
ESP,2010,,
EST,2010,,
EST,2015,,
EST,2016,,
EST,2021,0.5441076104678758,0.5849121212029095
ETH,2011,,
ETH,2016,,
ETH,2020,,
ETH,2022,0.4546761769278732,0.5023094416237085
FIN,2016,,
FIN,2018,,
FJI,2013,,
FJI,2014,,
FJI,2016,,
FJI,2017,,
FJI,2018,,
FJI,2020,,
FJI,2021,,
FRA,2010,,
FRA,2011,,
FRA,2012,,
FRA,2013,,
FRA,2014,,
FRA,2015,,
FRA,2016,,
FRA,2017,,
FRA,2018,,
FRA,2019,,
FRA,2020,,
FRA,2021,,
FRA,2022,,
FRA,2023,0.4944646097035213,0.5621100462482574
FSM,2011,,
FSM,2022,,
GAB,2018,,
GAB,2023,,
GBR,2010,,
GBR,2011,,
GBR,2012,,
GBR,2013,,
GBR,2014,,
GBR,2015,,
GBR,2016,,
GBR,2017,,
GBR,2018,,
GBR,2019,0.538560290558257,0.6178486064820996
GBR,2020,0.6360757264871328,0.6641578707319028
GBR,2021,0.5323261731523544,0.6099741460850918
GBR,2022,0.5349810828139154,0.6130135389594618
GBR,2023,0.5349810828139154,0.6130135389594618
GEO,2017,0.44618317967902876,0.5205902318354636
GEO,2022,0.5305807785367505,0.570552789059678
GHA,2011,,
GHA,2014,,
GHA,2015,,
GHA,2020,0.46820713237545863,0.5345091622314138
GIN,2011,,
GIN,2014,0.41856619252040395,0.45824826490662707
GIN,2017,0.47375101810112136,0.526557090466245
GMB,2011,,
GMB,2011,,
GMB,2011,,
GMB,2011,,
GMB,2011,,
GMB,2011,,
GMB,2011,,
GMB,2011,,
GMB,2014,,
GMB,2014,,
GMB,2014,,
GMB,2014,,
GMB,2014,,
GMB,2014,,
GMB,2014,,
GMB,2014,,
GNB,2020,0.371298324833033,0.42081062849904266
GRC,2014,,
GRC,2017,,
GRD,2016,0.6085356402064013,0.6690895389065682
GRD,2019,0.5113397349088407,0.6184353306478598
GTM,2010,,
GTM,2014,,
GTM,2021,0.471804529603932,0.49245886501591896
GUY,2014,0.4048275593041834,0.4343845536488316
GUY,2019,0.5502989921272893,0.5514579648012585
HND,2013,,
HND,2019,0.3955368849679187,0.4359635838402367
HRV,2011,,
HRV,2012,0.44865602778369323,0.5061087647844585
HRV,2020,0.43723741385182663,0.48407843136691614
HTI,2013,,
HTI,2021,0.3908960318928032,0.4281210756701869
HUN,2011,,
IDN,2012,,
IDN,2015,0.44952503443234676,0.5205089311282256
IDN,2017,0.5438675341910657,0.5827641913576466
IDN,2018,0.3994534754186532,0.4294307973357404
IDN,2022,0.4803156044261043,0.5011068341301385
IND,2011,,
IND,2013,,
IND,2015,,
IND,2018,0.5839503212738887,0.5977962405942406
IND,2020,0.5053751156743038,0.568013919509587
IND,2022,0.6027827165341558,0.6199113197641932
IND,2023,0.507580353446902,0.5708041769070504
IRL,2013,,
IRN,2011,,
IRN,2012,,
IRN,2014,,
IRN,2016,,
IRN,2019,,
IRQ,2013,,
IRQ,2016,0.49399625593904967,0.5651957341437407
IRQ,2017,0.4924874724084428,0.5617459598746606
ISL,2021,0.47121276509843446,0.5255170271964785
ISR,2018,,
ITA,2017,,
JAM,2010,,
JAM,2012,,
JAM,2016,,
JOR,2010,,
JOR,2015,,
JPN,2010,,
JPN,2013,,
JPN,2016,,
JPN,2017,,
JPN,2018,,
JPN,2019,,
JPN,2021,,
JPN,2022,,
KAZ,2011,,
KAZ,2013,,
KAZ,2015,,
KAZ,2018,,
KAZ,2023,0.4969812290576124,0.5704325256374294
KEN,2012,,
KEN,2014,0.5192866893329326,0.5379891892337944
KEN,2019,0.41885438922214535,0.4708441429945336
KGZ,2017,,
KGZ,2023,,
KHM,2012,,
KOR,2013,,
KOR,2014,,
KOR,2020,,
KWT,2014,,
LAO,2019,,
LBN,2011,,
LBN,2012,,
LBN,2022,0.5342233111582259,0.5555568323568925
LBR,2012,,
LBR,2013,,
LBR,2014,,
LBY,2010,,
LBY,2016,0.0,0.3484496705439261
LBY,2021,0.0,0.3685938288689852
LCA,2023,,
LKA,2010,,
LKA,2014,,
LKA,2016,0.4941684686180094,0.5675439075114814
LKA,2017,0.5051202116024236,0.5823635694892384
LKA,2018,0.46602794114808244,0.554727376192405
LKA,2020,0.6941067453320804,0.7223067860785781
LKA,2021,0.51143667767653,0.6011769466816195
LSO,2012,,
LSO,2023,,
LTU,2012,,
LTU,2014,0.0,0.4617869762406663
LVA,2015,,
MAR,2010,,
MAR,2013,0.569613367198849,0.6026714059297692
MAR,2022,0.5134392012010286,0.5930035734460981
MCO,2021,,
MDA,2012,,
MDA,2022,0.46088278372591135,0.5111633964157374
MDG,2018,0.3060385883266759,0.35912070345533675
MDG,2020,0.3813769976637501,0.4327998696736766
MDV,2010,,
MDV,2012,,
MDV,2016,0.4285310867864601,0.43040245642064423
MDV,2017,0.3671690540405138,0.3883149550741689
MDV,2018,0.3783230078495253,0.38944060371631845
MDV,2019,0.42168660366576016,0.42613021639755544
MDV,2022,0.3504120084616848,0.37076222358884164
MEX,2011,,
MEX,2015,,
MEX,2016,,
MEX,2019,0.5472362981604865,0.5873440227232347
MLI,2020,,
MLI,2021,0.36891148344463937,0.408363468596675
MLT,2015,,
MLT,2017,,
MLT,2023,0.5404041797126605,0.5770681627330101
MMR,2010,,
MMR,2011,,
MMR,2014,,
MMR,2019,,
MNE,2015,,
MNG,2010,,
MNG,2019,0.47474200129611405,0.5352506404149802
MNG,2020,0.5980567607834284,0.6112535671048064
MNG,2021,0.6550658256275843,0.6683128188174745
MNG,2022,0.4601583321556164,0.5131602612339017
MOZ,2010,,
MOZ,2017,,
MRT,2012,,
MRT,2018,0.3736613372109748,0.5004355202125036
MUS,2017,,
MUS,2023,0.4721734463253155,0.5222683381802344
MWI,2017,,
MWI,2023,0.4696474012140877,0.5247908121900958
MYS,2012,0.48004493926957864,0.5447210815398575
MYS,2016,0.5323934266185377,0.5707439652123748
MYS,2021,0.4935185193730239,0.5524366838480697
MYS,2022,0.5483277315717908,0.5797984645144932
NAM,2013,,
NAM,2021,0.40925673514395633,0.45137568347899654
NER,2019,0.3224045635581134,0.3434245696697846
NGA,2011,,
NGA,2018,0.4610525403279715,0.5177338002766503
NGA,2022,0.545547026228032,0.5639841292130986
NIC,2012,,
NIC,2020,,
NLD,2012,,
NLD,2016,,
NLD,2019,,
NOR,2010,,
NOR,2017,,
NOR,2020,0.6861543288583377,0.7186579583943532
NPL,2010,,
NPL,2013,,
NPL,2014,,
NPL,2015,,
NPL,2020,,
NZL,2014,,
NZL,2015,,
NZL,2018,,
NZL,2023,0.6355897761874014,0.662422267387293
OMN,2012,,
OMN,2013,,
OMN,2015,0.49008572675860074,0.5587326211427547
OMN,2016,0.543297480837068,0.5847610930479721
OMN,2020,0.5583163118257112,0.5804426472706152
OMN,2021,0.5011713055558984,0.5694971425767218
PAK,2013,,
PAK,2015,,
PAK,2018,0.4183876218930108,0.4595798074111919
PAN,2012,,
PAN,2016,0.521167960180038,0.5518931371258559
PAN,2021,0.4280447372246067,0.48862513798337415
PER,2013,,
PER,2015,,
PER,2021,0.430292462731423,0.47450456117613554
PHL,2011,,
PHL,2012,,
PHL,2015,,
PHL,2017,,
PHL,2018,,
PHL,2021,,
PHL,2023,0.45953800948716367,0.5199276064363472
PNG,2011,,
PNG,2015,,
POL,2022,,
POL,2023,,
PRK,2011,,
PRK,2013,,
PRK,2017,0.0,0.33374384236453203
PRK,2023,0.0,0.30338669950738917
PRT,2021,0.47600270619121415,0.5333713115410952
PRY,2011,,
PRY,2012,,
PRY,2019,0.5077872106226973,0.51633070910329
PRY,2021,0.5465962415661376,0.5531690056724531
QAT,2011,,
QAT,2017,,
QAT,2021,,
QAT,2023,,
ROU,2018,,
ROU,2019,,
RUS,2010,,
RUS,2011,,
RUS,2012,,
RUS,2013,,
RUS,2014,,
RUS,2015,,
RUS,2016,,
RUS,2017,,
RUS,2018,,
RUS,2019,,
RUS,2020,0.5607811339623777,0.5779060369391844
RUS,2021,0.4763867481292147,0.5348881096519185
RWA,2010,,
RWA,2013,,
RWA,2017,0.41520368684724773,0.4530136081172336
RWA,2021,0.4132944779290418,0.4493367440058608
RWA,2022,0.4140375781038008,0.4504995362791268
SAU,2013,,
SAU,2022,0.5888501693187634,0.6921012231772877
SAU,2023,0.6525284728201751,0.7182916993677638
SDN,2015,,
SDN,2018,0.0,0.3627567708545432
SDN,2020,0.47580568403873885,0.48283842276525524
SDN,2022,0.3574181925828455,0.3786797627143752
SDN,2023,0.3574181925828455,0.3786797627143752
SEN,2011,,
SEN,2015,,
SEN,2019,0.0,0.37144258047044654
SEN,2022,0.39172572462471106,0.4220592303052256
SGP,2019,,
SGP,2021,,
SLB,2012,,
SLB,2013,,
SLE,2010,,
SLE,2011,,
SLE,2019,,
SLE,2020,,
SLV,2010,,
SLV,2018,,
SLV,2022,0.46094191853822286,0.511523435253458
SLV,2023,0.5481554091286592,0.5615234352534579
SMR,2015,,
SMR,2020,,
SOM,2016,0.2679986400370364,0.32694808518270163
SOM,2017,0.2973421170505078,0.35323692624859165
SOM,2019,0.279794219793817,0.333310183312806
SOM,2021,0.301402129542362,0.37504748375275565
SOM,2022,0.3018281641067819,0.37577391699795987
SRB,2023,,
SSD,2015,,
STP,2013,,
SUR,2013,,
SUR,2017,,
SVK,2017,0.0,0.45895132777998515
SVK,2022,0.0,0.40410897610036184
SVN,2021,0.49029006959783217,0.5556731929410246
SWE,2015,,
SWE,2023,0.3840645579516378,0.45931763877101794
SWZ,2017,0.46790565201700346,0.5213124160330989
SYC,2010,,
SYR,2015,,
SYR,2021,0.355315937728382,0.3917972652631809
TCD,2010,,
TCD,2012,,
TCD,2016,0.4435985308240882,0.4787213629111238
TGO,2012,,
TGO,2017,,
TGO,2022,,
TGO,2023,0.5416981864810806,0.5483824339082132
THA,2011,,
THA,2013,,
THA,2015,,
THA,2016,,
THA,2020,,
THA,2021,0.4983539055154396,0.5695008168994351
THA,2022,0.591529855611919,0.6181610059473387
THA,2023,0.591529855611919,0.6181610059473387
TJK,2019,0.39394403040662446,0.42601839493145616
TKM,2012,,
TLS,2010,,
TLS,2014,0.3365198966357877,0.3545387671327674
TLS,2016,0.38113493546183974,0.3880055952817541
TLS,2021,0.32082009014862983,0.33897445783120495
TON,2014,,
TON,2019,0.3310584276795929,0.4145887764250323
TON,2023,0.33157837426854725,0.4154816335678894
TTO,2011,,
TTO,2022,,
TUN,2010,,
TUN,2014,,
TUN,2019,0.4218877794626259,0.4613380288477448
TUR,2010,,
TUR,2016,,
TUR,2018,,
TUR,2022,,
TZA,2010,,
TZA,2012,,
TZA,2016,,
TZA,2017,,
TZA,2020,,
UGA,2014,,
UGA,2020,0.6483381664183451,0.6772432424300646
UKR,2013,,
UKR,2023,,
URY,2014,,
URY,2022,,
USA,2010,,
USA,2011,,
USA,2012,,
USA,2013,,
USA,2014,,
USA,2015,,
USA,2016,,
USA,2017,,
USA,2018,0.6615875875647295,0.6969243922136368
USA,2019,0.5570350006694283,0.6482169389410364
USA,2020,0.5505332714667439,0.6411495685272858
USA,2021,0.5562610676530408,0.6466290546919801
USA,2022,0.791883906406548,0.8006934404869972
USA,2023,0.7040954229519769,0.7256934404869972
UZB,2011,,
UZB,2016,,
UZB,2019,0.492051640756169,0.5338547500987912
VNM,2015,,
VNM,2016,0.5238677151014092,0.6126055446825447
VNM,2017,0.6161678900992773,0.6517986286116012
WSM,2010,,
WSM,2011,,
WSM,2013,,
YEM,2010,0.33800016701806845,0.35583184721798405
YEM,2013,0.3387397047888523,0.3566627193327862
YEM,2022,0.33518824574682754,0.352722074554943
ZAF,2013,,
ZAF,2019,,
ZAF,2021,0.545631309574153,0.5624785397212381
ZMB,2017,0.49202978861812674,0.5877129732715553
ZMB,2021,0.47230720892782935,0.5696321495427149
ZWE,2011,,
ZWE,2018,,
ZWE,2021,0.42111921100494687,0.47142259510160806
